tweet_ID,conspiracy_or_not,stance_towards_conspiracy,topic
1011969776581640000,0,0,0
1267593865072180000,1,3,1
1468092792379420000,1,2,3
3419867877,1,3,2
110482636,0,0,2
1106695390030480000,1,3,0
1467273405955190000,0,0,3
4325947100,1,2,1
1025013429319480000,1,3,0
1280643612,1,3,2
1467945963901760000,1,3,3
59380474,0,0,1
1144075898938920000,1,3,1
1263842159725280000,0,0,1
1683060932,0,0,1
1144082616452160000,0,0,1
801309835656568000,0,0,1
1224034992969270000,1,2,1
134162744,0,0,1
68741593,1,3,1
23133818,1,2,1
3948624508,1,3,1
1341462944,1,3,1
1467936307112460000,1,2,3
4876598333,1,3,2
913044832930512000,1,2,0
4855271678,0,0,1
1553777455,0,0,1
1264697164451790000,1,3,1
101527071,1,1,1
1153999079170590000,0,0,0
1254528985628800000,1,2,2
1467925968949950000,0,0,3
1031620457584320000,1,3,0
1252519867305030000,1,2,3
18945723,0,0,1
85758461,1,3,2
1467921271090460000,1,3,3
16439471,1,3,2
3108357260,1,1,1
969308134341840000,0,0,0
1467914489542680000,1,2,3
282163142,1,3,1
45420797,1,2,2
923665769984126000,1,2,0
1052426893243390000,1,1,0
1467913887941020000,1,3,3
452359037,1,3,1
571264621,1,3,2
1467911572865610000,1,3,3
2718991103,0,0,2
838855718,1,3,1
947445697497923000,1,2,0
1121096391022040000,1,3,0
1166418134900900000,0,0,2
1467907339567170000,0,0,3
897438936561315000,1,3,1
1091303858935070000,1,3,0
1467904923895430000,1,3,3
1486413380,1,3,2
15388404,1,3,1
1005084501784040000,1,2,2
1434453764,0,0,1
1466946454577140000,1,2,3
977681222167027000,1,2,0
1141908142130720000,1,1,0
1467904289213310000,0,0,3
260780207,1,3,1
384763131,0,0,2
1108364277528830000,1,3,0
1467902317424820000,0,0,3
2269557301,0,0,1
339650689,0,0,2
1050904642454990000,1,3,0
1467899459354830000,0,0,3
2535228965,0,0,1
2850169402,1,1,2
1038216868052380000,1,3,0
1178041102047320000,1,1,2
1467898413685630000,1,3,3
588482586,1,3,1
1263154547092000000,0,0,1
1099200194573280000,1,1,2
1467898296358380000,1,3,3
959132193674223000,1,3,0
1112838073681820000,0,0,0
1467897055523650000,1,3,3
184934651,1,3,1
67048424,1,3,2
1046242217415920000,1,3,0
1239742479743820000,1,3,2
1467888623915870000,1,2,3
835584762425327000,1,2,1
1098309697839470000,1,2,0
1227029991986270000,0,0,2
1467883205147640000,1,3,3
294794004,1,3,1
1062095043182430000,1,3,2
1093582378117840000,1,3,1
1131309934560390000,0,0,0
1467879342046850000,1,3,3
1048919545468110000,1,1,0
1252523419792520000,1,3,3
1589253588,1,3,2
2933061165,0,0,1
1051239500427520000,1,1,0
1466789314495490000,1,3,3
281993702,0,0,1
818510627878513000,1,3,2
1019998112406960000,1,1,0
1467870958203630000,0,0,3
230805837,0,0,2
841981478,1,3,1
1010347903,0,0,2
1055172147126110000,1,2,0
1467864722280160000,1,3,3
1611429727,0,0,1
1083616473388600000,1,3,0
1148385761135370000,1,3,1
1467849898494150000,1,3,3
278644764,0,0,2
106574974,1,3,1
1143407458674590000,1,1,0
1252527844661440000,1,3,3
1255162696678280000,0,0,2
1253818958949590000,0,0,2
1467837927376000000,1,3,3
847534549865118000,0,0,1
965882626941836000,1,3,0
1033789959436670000,1,2,0
1467831344227040000,1,2,3
2458410882,1,3,1
80047434,1,3,2
1050819615918620000,0,0,0
1130869369607710000,0,0,1
1467815113579230000,1,3,3
2337853166,0,0,2
1467814217680090000,1,2,3
2199237412,1,1,1
54175967,0,0,2
907778448885563000,1,3,0
1018317881795390000,1,3,0
1268590132644480000,0,0,2
1467806009477310000,1,3,3
2400124021,1,3,1
1088935437303840000,1,3,0
1207375544477620000,1,1,2
1467737538081310000,1,2,3
64691182,1,3,1
1019257324962220000,1,3,0
1151868802004590000,1,3,1
1466600698859040000,1,3,3
150142478,1,3,2
1117051911088300000,1,1,0
1249792852625880000,0,0,1
1467737428001780000,1,2,3
49982978,1,3,2
1069641783196460000,1,2,0
1252529380506700000,1,2,3
1260365319127680000,1,3,2
256982698,1,1,1
1059908701627320000,1,2,0
1326345576,0,0,2
1467715523756810000,1,3,3
973255025597336000,1,3,1
1027942789059960000,1,1,0
1122490346183640000,1,2,1
1467712199481180000,1,2,3
149384128,1,3,2
1097485547793190000,1,1,0
1467711775676270000,1,2,3
404427034,0,0,1
786756302928220000,0,0,2
1057657575276170000,0,0,0
1467699721443530000,1,3,3
246871999,1,3,1
95611439,0,0,2
1067223082161560000,1,1,0
1228792503899370000,0,0,2
1252531913153080000,1,3,3
55676803,1,2,1
1467656077458100000,1,3,3
252288329,0,0,2
2916393212,1,3,1
942145519853427000,0,0,0
1093985677094520000,0,0,0
1467641092858410000,1,3,3
813935214699412000,0,0,2
888249312395656000,1,2,1
1096703115049550000,0,0,0
1204805424244880000,0,0,1
1467641076261560000,1,3,3
86621915,0,0,2
1096083279898430000,1,1,0
1252483461413080000,1,2,3
22709198,1,3,1
266147764,1,2,2
1106308404530800000,1,3,0
1467636106879370000,1,3,3
8758642,1,3,2
981699274403704000,1,1,1
1044472862982240000,1,3,0
1467631663995750000,0,0,3
1533490933,0,0,2
94557109,0,0,1
1052181569266490000,1,1,0
1260394838828000000,1,2,2
1467624299846570000,1,3,3
811549418,1,2,1
1115554506421520000,1,2,0
1179716781268780000,1,2,1
1221976239847670000,0,0,2
1467619568801680000,1,2,3
1467615846834910000,1,2,3
182129531,1,2,2
271556246,1,3,1
935051304795287000,1,3,0
1015238200900570000,0,0,2
1127888654679120000,1,3,1
1467615841675920000,1,3,3
939412033249755000,1,3,0
1141470931052890000,1,3,1
1467614921223390000,1,3,3
273793069,0,0,2
906993421209918000,1,3,0
1113862477455000000,0,0,0
1252538145821840000,1,3,3
447846362,1,1,1
901875412044835000,1,3,2
1261036449190700000,1,2,1
1467614647301790000,1,3,3
900760391923503000,0,0,2
965157862250105000,1,2,0
1052325122349160000,0,0,0
1261627427937230000,0,0,2
1467613180713070000,1,3,3
715704627031904000,1,3,1
1008401944082140000,1,2,0
1147506194036240000,0,0,1
1239177524103550000,1,2,2
1466444602878160000,1,2,3
1109531747228800000,1,2,0
1467598731302330000,1,3,3
907674646883060000,1,3,2
912485795881200000,1,3,1
1467579661869790000,1,2,3
3328037831,0,0,2
393305723,1,3,1
938352114429984000,1,1,0
1061258158960750000,1,3,0
1467571235789960000,1,2,3
16508319,1,2,1
343389229,1,3,2
1012964977253270000,1,2,0
1257687767435230000,0,0,1
1260036732847640000,0,0,2
1467564225060950000,1,2,3
1076457232110360000,1,1,2
1095087099538300000,1,3,0
1252541677849490000,1,3,3
20472342,1,2,1
116599888,1,2,1
1252745517601170000,1,2,3
251283319,1,3,2
920979520991227000,1,2,0
1089464143088720000,1,2,1
1096148432669020000,1,2,0
110120895,0,0,2
1252542161024960000,1,2,3
1252542211490800000,0,0,3
564725304,0,0,1
901875412044835000,1,3,2
976688307898896000,1,3,0
1074345172123530000,0,0,0
1210764977855810000,1,1,2
1246880356713840000,0,0,1
1252542950015440000,1,2,3
1022233723977080000,1,1,0
1252543554238360000,1,3,3
3282165294,0,0,2
50949422,1,3,1
1049988677793920000,1,1,0
1466444217878810000,1,2,3
1948945603,1,1,1
3189787423,1,2,2
1027434718801930000,1,2,0
1256963788768790000,0,0,1
1467510280502520000,1,2,3
774056740174302000,1,3,2
1069431266364350000,1,2,0
1467506128523330000,1,3,3
45176195,1,3,1
814287358334028000,1,3,2
1033657809504620000,1,1,0
1467499148396080000,1,3,3
175004773,0,0,2
1864626000,1,3,1
1255905050674830000,0,0,2
1467495711235310000,1,3,3
338414768,1,3,1
913569257014755000,1,2,0
1033761178059770000,1,3,0
1467473653944220000,1,3,3
20016200,1,3,2
3024192069,1,2,1
1046199017649160000,1,2,0
1467454332656390000,1,2,3
38676010,1,3,1
902841216731160000,1,1,2
1254554930360320000,0,0,2
1467439824986590000,1,3,3
564725304,1,2,1
973702440808664000,0,0,0
1071846533371480000,1,3,2
110176643,1,3,1
1132841829148200000,1,3,0
1467428977069340000,1,3,3
1248962578648360000,0,0,2
128048564,0,0,1
1467416306051910000,1,3,3
912920836876759000,1,1,0
1134248523053040000,1,3,0
1467394923569750000,1,3,3
302831243,0,0,2
892796184842128000,0,0,1
1134472186754920000,1,2,0
1466261573983510000,0,0,3
3100526228,1,3,2
343062092,1,3,1
1252549207338000000,1,3,3
1038247212805840000,1,1,1
1050252383316390000,1,1,0
1251071367446800000,1,3,2
1002236971,0,0,2
1061483237774680000,0,0,0
1189041191276420000,1,3,1
1467346571612360000,1,2,3
1144371398573350000,1,3,0
1252549560351810000,1,2,3
140661572,1,3,1
446069401,0,0,2
1071389298979670000,1,1,0
1252550150205070000,1,2,3
420572845,1,2,2
905766577,1,3,1
1066806291425850000,1,3,0
1467333471190360000,1,3,3
204806482,1,1,2
949732090374967000,1,3,1
1467332132829680000,1,3,3
3429614367,1,2,1
503552695,1,1,2
964145360066284000,1,2,0
1016402078476960000,1,3,0
1252551522594020000,1,2,3
1653797208,1,3,2
170969609,0,0,1
1184360806420480000,0,0,2
1467322036649590000,1,2,3
1482702949,1,3,1
916791155991432000,1,1,0
1467321868193600000,1,3,3
407507285,1,1,1
785089356625304000,1,3,2
947015234656464000,1,3,0
1034278534318090000,1,3,0
1254251179795760000,0,0,1
1467313581309910000,0,0,3
2729121990,0,0,2
1119192544640940000,0,0,0
1254878077865390000,1,2,2
1466202333877080000,0,0,3
59037243,1,3,1
1252552529780630000,1,3,3
2425257217,1,1,2
895966977407073000,1,1,1
977535633647431000,1,1,0
1249868101342000000,0,0,2
1058264774838870000,1,1,0
1467290093387970000,1,3,3
381618637,1,3,1
1120006833932880000,1,1,0
1467278074349760000,1,2,3
154460197,0,0,2
2805486813,0,0,1
1086799098190000000,0,0,0
1467270322671990000,1,2,3
361760456,0,0,1
892398223083667000,0,0,2
1079594026792300000,1,3,1
1229764309850480000,0,0,2
1467266114061300000,1,3,3
920626756784131000,1,3,0
1023668212607510000,1,2,0
1085096546,0,0,1
1467259436288790000,1,3,3
861705381189496000,1,3,2
1135864797696620000,0,0,0
1254168635125510000,0,0,1
1285583838,1,3,2
1467256042102730000,1,3,3
1037114162877470000,1,1,0
1467232120003180000,1,2,3
736577392144224000,0,0,2
901875412044835000,0,0,1
1467232092941470000,1,2,3
2422192946,0,0,2
439688091,1,3,1
942794359698870000,1,3,0
1102238413170880000,0,0,2
1119145239090810000,0,0,0
1467226875139340000,1,2,3
972052515217959000,1,3,1
1076086058,1,3,1
1117671042783120000,1,1,0
1466179732253420000,0,0,3
2651524357,0,0,2
1073488774900920000,1,1,0
128370270,1,1,1
1467226701113520000,1,3,3
2412480766,1,1,2
1083654595744670000,1,2,0
1467223821287610000,1,3,3
15977468,1,3,1
527794548,1,3,2
1467209931178650000,1,2,3
901875412044835000,1,3,2
956546598452060000,0,0,1
973997161397529000,0,0,0
1003354894831690000,1,3,0
1467205549414510000,1,3,3
2446482098,1,3,2
814141644,1,3,1
1252559108991000000,1,3,3
1093270769482640000,0,0,0
193405783,0,0,1
389465925,1,1,2
1252462008856870000,1,1,2
1467188130109340000,0,0,3
531478588,1,3,1
976720377555516000,1,1,0
1004646576365670000,1,3,0
1252462279120920000,1,3,2
1467186954768990000,1,2,3
608507552,1,2,1
1094547725771770000,1,3,0
1252462875269960000,1,3,2
1467180460476440000,1,3,3
78567974,1,2,1
1067621093127510000,1,3,0
1252462884573100000,0,0,2
1252560862642130000,1,3,3
805661118291214000,0,0,1
1131389627338750000,0,0,1
1132832419135020000,0,0,0
1252464508510950000,0,0,2
1467172721016640000,1,2,3
1060232445843320000,0,0,0
1264746663027120000,1,3,1
1468064373113590000,1,3,3
210809390,1,3,2
1013454204839510000,0,0,0
1252484891519920000,0,0,3
1252929687468230000,0,0,2
1261329843372900000,1,2,1
1014893202497770000,0,0,0
1252465636409760000,1,3,2
1467172514694630000,1,2,3
901875412044835000,1,3,1
1116963056326710000,1,1,0
1252466433155600000,0,0,2
1467172096849610000,1,2,3
340225095,1,1,1
1252468861217170000,1,3,2
1467148763261120000,1,2,3
906992593556439000,1,2,1
927348234464377000,1,2,0
1222856329045330000,1,3,1
1252469096211520000,1,1,2
1252563458937220000,1,3,3
939107432525107000,0,0,0
1008729227741530000,1,3,1
1105037371144320000,1,3,0
1252469376273590000,1,3,2
1252563615028240000,1,3,3
1252469589675560000,0,0,2
1467143076183480000,1,2,3
17495574,1,3,1
969963144113262000,1,3,0
1017185506528890000,1,3,1
1252470015648970000,1,1,2
1467139837971020000,1,2,3
927594548544630000,1,1,0
1012605595009130000,0,0,1
1066796582878830000,0,0,0
1252470188219520000,1,1,2
1252564168282110000,1,2,3
1124579926835840000,1,1,0
1252470455136650000,1,3,2
1467137761878710000,0,0,3
42208855,1,2,1
1104126355375960000,0,0,0
1252470500250400000,1,3,2
1467114951684720000,1,3,3
19330898,1,1,1
1466160571749910000,0,0,3
15059332,1,1,2
1639084429,1,1,1
978052772900646000,0,0,0
1066376704325830000,1,3,0
1252470643574130000,1,3,2
1252566537115910000,1,3,3
786867383323372000,0,0,1
1252471110265810000,0,0,2
1467085189927070000,1,2,3
867093908421004000,0,0,1
906150087306468000,1,3,0
101290875,0,0,1
1252471386343360000,0,0,2
1467035779876610000,1,3,3
902845387324743000,1,1,0
1061144701456250000,1,3,0
1252472363393790000,1,3,2
1467011769264710000,1,3,3
886774835187040000,1,3,1
1252472673046790000,0,0,2
1252570078287180000,1,3,3
481309366,1,3,1
972797905294721000,1,3,0
1030201406144330000,1,3,0
1248990855962270000,0,0,1
1252472849136260000,1,1,2
1466999948637920000,1,3,3
1063157903199280000,1,3,0
1252473349294320000,1,3,2
1252572447490130000,1,3,3
1897328731,1,2,1
1467000000000000000,1,3,3
1098212767574560000,0,0,0
1252473373591990000,1,3,2
1425392977,1,3,1
1128505693663830000,0,0,0
1252473805928350000,1,2,2
1257237288058310000,0,0,1
1466996573456320000,1,3,3
1252474058140260000,1,2,2
1466994285975400000,1,3,3
826719822,0,0,1
963287773384814000,1,1,0
1213275348898420000,1,1,2
1466159689134220000,0,0,3
2729121990,1,2,1
949387502720188000,1,2,0
1052441608958950000,0,0,0
1252474143615960000,1,2,2
1466992864131360000,1,3,3
634700718,1,3,1
1059600737427210000,1,3,0
1252474145725640000,1,3,2
1254052736334720000,0,0,1
1466985172864280000,1,3,3
1252474188599860000,1,3,2
1466984050946680000,1,2,3
34071591,1,2,1
999588207565078000,1,1,0
1004203727413230000,0,0,0
1243377216789950000,1,3,1
1252474291230320000,1,3,2
1252572875019680000,1,2,3
1140856791825160000,0,0,1
1252474321186020000,1,3,2
1466961330976400000,0,0,3
957948430504135000,1,3,0
1065812946327080000,1,2,0
1252474381613260000,0,0,2
1252574800360360000,0,0,3
4756733365,1,1,1
1252474393697100000,1,2,2
1466956038448490000,1,2,3
890844439442324000,1,1,1
906188319737995000,1,2,0
1066063774753280000,1,2,0
1252474979779620000,1,3,2
1466951147479070000,1,3,3
785526235015307000,0,0,1
1107384624936670000,0,0,0
1252475069709760000,0,0,2
1252576730314750000,1,3,3
129773863,0,0,1
1116328196205480000,1,3,0
1252475857375040000,1,2,2
1266472995012440000,1,3,1
1466939773650710000,1,2,3
1018193093290400000,1,3,1
1248962578648360000,1,3,2
1466158948604640000,0,0,3
969409466054728000,0,0,0
1252577158394000000,1,2,3
1018523594870200000,1,3,0
1164690935529310000,1,1,1
1252476145934540000,0,0,2
1026939249227120000,1,1,0
1252533148266690000,0,0,2
1466909514884640000,1,3,3
63026830,0,0,1
1121172461771310000,0,0,0
1252477036217720000,1,3,2
1466907247125080000,1,3,3
3100748456,0,0,1
1252479045541000000,0,0,2
1008698964974230000,0,0,0
1252577836688450000,1,2,3
2187326844,0,0,1
1065940486421120000,1,2,0
1252479250831040000,1,3,2
1466890755599960000,1,3,3
67697427,0,0,1
1252480019961630000,1,3,2
1466861805548880000,1,3,3
742689520030780000,1,3,1
948423351281753000,1,1,0
1005920356551560000,1,3,0
1252480106150470000,1,3,2
1466851480418270000,1,2,3
628380214,0,0,1
1141802183081560000,1,1,0
1252480203072370000,0,0,2
1466850850551290000,1,2,3
823907580019756000,1,2,1
1105039466144710000,1,1,0
1252480517599110000,1,3,2
1466845690332640000,1,3,3
392855309,1,3,1
1252481716234540000,0,0,2
1466843647920540000,1,2,3
84378727,1,3,1
947424193389497000,1,3,0
1103227261946280000,1,3,0
14437914,1,1,1
1466158921521960000,0,0,3
568832237,1,2,2
1072691310400720000,1,2,0
1252483461073490000,1,3,2
1466834445978240000,1,2,3
4119806283,1,3,1
1066636533892080000,1,2,0
1252483461073490000,1,3,2
1466829570057930000,1,3,3
28587549,1,1,1
1042684638479760000,1,1,0
1252483461413080000,0,0,2
1466827691945080000,1,3,3
1466852929,0,0,1
1105990923240910000,1,3,0
1223661341409520000,0,0,1
1252483835524240000,1,3,2
1466827691945080000,1,2,3
1037091696297880000,1,3,0
124896632,1,3,1
1252483972094770000,0,0,2
1252582732359690000,1,2,3
1236273574895320000,1,3,1
1252484217075830000,0,0,2
1466814274731380000,1,3,3
955732997315203000,1,3,0
1035944118747370000,1,3,0
1252484619670350000,1,1,2
1466810894239720000,1,3,3
870577779187875000,1,3,1
1083770874623400000,1,3,0
1243991276657280000,0,0,1
1252484765825000000,0,0,2
1466810070147150000,1,3,3
1100130002690090000,1,3,0
1252484891519920000,1,2,2
1466808344719590000,1,3,3
822072365194636000,1,3,1
1098858623181020000,1,1,0
1247637891934790000,1,3,1
1252507545509510000,1,2,2
1466807192892440000,1,3,3
1252486765597860000,0,0,3
126314171,1,3,1
1677238196,0,0,2
959274796331696000,1,2,0
1071142102329760000,1,3,0
1252486006969950000,0,0,2
1468092792379420000,1,3,3
91107903,0,0,1
1057386459097880000,1,2,0
1252486557535280000,0,0,2
1466797336475020000,1,2,3
19572897,0,0,1
1023683320230460000,1,3,0
1148457028920070000,1,2,1
1252553415466630000,1,1,2
1467911767095390000,1,3,3
1059894962693760000,1,3,0
1252486765597860000,0,0,2
1466793200023110000,1,2,3
925996267603463000,1,1,1
1249731059673150000,1,3,1
1252487100601170000,1,3,2
1467899994871040000,1,2,3
938740653894254000,1,2,0
1017465335522480000,0,0,0
1182665278917880000,1,3,1
1252488029840800000,1,3,2
1466791391325870000,1,3,3
1226660523372120000,1,3,1
1252488120928510000,0,0,2
1466788917378780000,1,3,3
940280975531134000,1,2,0
1017166643955480000,1,2,0
1252488217418480000,0,0,2
1467606359931820000,1,3,3
238419658,1,3,1
1252488222770240000,1,3,2
1466785192962570000,1,2,3
205881318,1,3,1
929032612638838000,1,3,0
1101281855976810000,1,2,0
1227995712908120000,1,3,1
1252489157110380000,1,3,2
1467273405955190000,1,2,3
1106796325360860000,1,2,0
1466160571749910000,0,0,3
2314957698,0,0,2
2979891544,1,1,1
1097426624239320000,0,0,0
1248962578648360000,1,3,1
1252490334971600000,1,3,2
1466784120361590000,1,2,3
1057105756149790000,1,3,0
1252491193323120000,0,0,2
1466779177638570000,1,2,3
3233174600,1,3,1
1105142820510310000,1,1,0
1252492109812230000,1,1,2
1466771166215990000,1,3,3
205601948,1,3,1
1100168182722150000,0,0,0
1252493532826290000,0,0,2
1466450360822890000,1,3,3
2998172151,0,0,1
1004795474392630000,1,2,0
1252494069424650000,0,0,2
1466768693770300000,1,2,3
957115242378644000,1,1,1
1252494337788620000,0,0,2
1466444217878810000,1,3,3
280305448,1,3,1
939594423297543000,1,1,0
1466760745107000000,1,2,3
1252494440964530000,1,3,2
849059411507027000,0,0,1
919644595901947000,1,1,0
1135866272799950000,1,1,0
1246941146594630000,1,3,1
1252494521641930000,0,0,2
1466755024638390000,1,3,3
1111971759371230000,1,2,0
1252495121750280000,1,3,2
1466179732253420000,1,3,3
7888542,1,2,1
1067509246034620000,1,3,0
1252495158832160000,0,0,2
1466177405861690000,1,3,3
217366706,1,2,1
1466159689134220000,1,3,3
2364689258,0,0,1
411621494,1,2,2
978472101840542000,1,2,0
1141400659096480000,0,0,0
1252495180206400000,0,0,2
1466687035503030000,1,3,3
94119234,0,0,1
1120844013815320000,1,2,0
1252495554619110000,1,2,2
1466159689134220000,1,2,3
58564000,0,0,1
1252495583467660000,0,0,2
1466158948604640000,1,3,3
757610660536590000,1,3,1
955535464894622000,1,2,0
1466609850671000000,1,2,3
1124394711719040000,0,0,0
1252495730557750000,0,0,2
23176632,1,3,1
1252496053959630000,1,3,2
1466156926216060000,1,3,3
14886095,1,1,1
905380851017448000,1,3,0
1075305914389980000,1,2,0
1252556156180040000,1,2,2
1466155852151320000,1,2,3
532679148,1,3,1
1090309112364230000,1,1,0
1252496844472680000,0,0,2
1466588109689080000,1,2,3
2928606758,1,3,1
1105186645781830000,1,2,0
1217521404712750000,1,3,1
1252497268558750000,0,0,2
1466151736767220000,1,3,3
10418820934904500000,1,2,0
1252497575216830000,1,1,2
1466135730607070000,1,2,3
3253621820,1,1,1
1092427303521520000,1,3,0
1252498904622360000,1,2,2
1344745201,1,3,1
1466134701404470000,1,2,3
1224163949957920000,1,3,2
1466158948604640000,0,0,3
199056422,1,3,1
947131259653943000,1,3,0
1252499207778240000,0,0,2
1466563572842950000,1,2,3
1540342465,1,1,1
976132479588412000,0,0,0
1001152153606520000,1,1,1
1109901931693120000,1,3,0
1252501032103320000,1,3,2
1466116305593880000,1,2,3
1042529416872710000,1,3,0
1252501219551180000,0,0,2
1466560086227270000,1,3,3
90267789,0,0,1
1060710818986110000,1,3,0
1220777857611440000,0,0,1
1252502016926060000,0,0,2
1466109106226430000,1,3,3
1011194742242140000,1,1,0
1034916993638400000,1,3,1
1252502826783240000,0,0,2
1466077778395240000,1,3,3
1014082137186880000,1,3,0
1252503137241480000,1,3,2
1465859505347060000,1,3,3
25866303,1,3,1
1067534134283830000,1,3,0
1252503787631240000,0,0,2
1466051188995110000,1,2,3
2182994245,0,0,1
1099507229265260000,1,1,0
1252507076179480000,0,0,2
1466050049763370000,1,3,3
981607099,0,0,1
1090686363555530000,1,2,0
1252504571831850000,1,3,2
1466047537136240000,1,2,3
20803098,1,3,1
1031589836241550000,1,3,0
1252505473804300000,1,1,2
1466541808477890000,1,2,3
868648623608740000,1,3,1
1058399299103580000,0,0,0
1234278244884530000,1,2,2
1466158921521960000,1,2,3
2377907580,1,2,1
1036108919385530000,0,0,0
1252505737315650000,0,0,2
1466536038067680000,1,2,3
545028364,1,2,1
1061122107805880000,1,3,0
1252505737361840000,0,0,2
1466534855802430000,1,3,3
2942628319,1,3,1
1095011150998250000,1,3,1
1252505737441440000,0,0,2
1466532676727400000,1,3,3
923665769984126000,1,2,0
1066766406610560000,0,0,0
1252510606583790000,1,1,2
1466532676727400000,1,3,3
54990710,0,0,1
1064181605231670000,1,1,0
1252505870254110000,1,2,2
1466531043868120000,1,3,3
282914879,1,1,1
1138990441846700000,1,3,0
1252506291278400000,0,0,2
1465844559531920000,1,3,3
2927035757,1,2,1
1252506881505000000,1,3,2
1121094159987820000,1,1,0
1138822635079360000,1,3,1
1465842621314720000,1,2,3
1040318854864560000,1,3,0
1182244379718800000,1,3,1
1252508274366290000,1,3,2
1465840872667420000,1,3,3
1034374711252270000,0,0,0
1216455090426570000,1,3,1
1252538628669950000,1,2,2
1469385213285320000,1,3,3
1252553834657960000,1,3,2
1469381574881840000,0,0,3
296867794,1,1,1
918173528888785000,1,3,0
1046914310272960000,1,3,0
1108052750414200000,0,0,2
1268921500071000000,0,0,1
1468064373113590000,1,2,3
1124113180832280000,1,2,0
1238467680773890000,1,2,2
1252488222770240000,0,0,3
69482624,0,0,1
1082760263911260000,1,1,0
1252510577462840000,1,3,2
1469376514013760000,1,3,3
2513003259,1,1,1
1106691546047550000,1,2,0
1252511377966500000,0,0,2
1469363784116430000,1,2,3
37456566,1,3,1
1036803308835550000,1,3,0
1252511404587830000,0,0,2
1469356963922320000,0,0,3
575008743,1,3,1
1036803308835550000,1,3,0
1252511478881460000,0,0,2
1469355210585820000,1,3,3
724140488832380000,1,3,1
1059877754596940000,1,3,0
1238467680773890000,1,2,1
1252511504064070000,1,3,2
1469356049874430000,1,3,3
1107361166899050000,1,3,0
1252511969984140000,0,0,2
1469355210585820000,1,3,3
19710960,1,2,1
1100134617313600000,1,3,0
1127922785723050000,0,0,1
1252511970286320000,0,0,2
1469347321708250000,1,3,3
1089607090178570000,1,2,0
1252512586169540000,1,3,2
1264793000816910000,1,2,1
1469341916835800000,1,2,3
1117494100301880000,1,3,0
1252512778994280000,0,0,2
1469338126418110000,1,3,3
937774693,1,3,1
1116431995666600000,1,2,0
1252514751441170000,0,0,2
1469332455370840000,1,2,3
778370000688065000,1,3,1
1002543821895440000,1,3,0
118639696,1,2,2
1466134442125270000,0,0,3
16666454,1,3,1
1065527346072030000,1,3,0
1252514751441170000,0,0,2
1469330900152430000,1,2,3
26141748,1,2,1
1252514848426130000,1,2,2
1469318962345350000,1,2,3
3970586484,1,3,1
924991538060553000,1,3,0
1004968788486310000,1,2,0
1229265190908240000,0,0,1
1252540827273800000,0,0,2
1469315495933470000,1,3,3
1252517249631440000,1,2,2
1469314270718560000,1,3,3
2416140829,0,0,1
940270407436913000,1,2,0
1252517434382320000,1,1,2
1469280484152710000,0,0,3
66260367,1,3,1
940304771034108000,0,0,0
1115251334075360000,1,3,0
1252482916426350000,1,3,2
1469280439055660000,1,2,3
317742806,1,3,1
1132556041735030000,1,3,0
1144312389896190000,1,3,3
1252518122646640000,0,0,2
915665233,0,0,1
1132612144128640000,1,3,0
1252518122743090000,0,0,2
1469242939729710000,1,3,3
903714371972431000,1,3,1
1114236521153000000,1,3,0
1252518539325560000,1,3,2
1469227485405580000,1,2,3
538065065,1,2,1
1111227772217760000,1,1,0
1252518822868900000,1,3,2
1469219547127290000,0,0,3
31271580,1,3,1
1070441409675750000,1,3,2
1094171960718890000,1,3,0
1466116305593880000,1,1,3
833068479410416000,1,2,1
1049488527443000000,1,2,0
1252519251807720000,1,1,2
1469212912422090000,1,2,3
37558804,1,3,1
1110696019342360000,0,0,0
1252519478237190000,1,1,2
127034025,1,3,1
1469207611241360000,1,3,3
1038593018310400000,1,3,0
1246831543190000000,0,0,1
1252519514727680000,1,1,2
1469201957034200000,1,2,3
1252519607719660000,1,1,2
1469191432321770000,1,2,3
2598622692,1,3,1
908990687877763000,1,1,0
1252519623834180000,0,0,2
1469188213528920000,1,2,3
4509849448,1,3,1
945046684819524000,1,2,0
1033439653054030000,1,3,0
1252520056799600000,1,1,2
1469187777464270000,1,3,3
3394761881,1,3,1
1045419436201680000,1,3,0
1252519838049840000,1,1,2
1469174906940120000,1,3,3
17673650,1,3,1
1043993123532150000,1,3,0
109466417,0,0,1
1252519867305030000,0,0,2
1469172904076000000,1,2,3
1067314227558300000,1,1,0
1252519926650340000,1,1,2
1469172090720800000,1,3,3
817232983417647000,1,2,1
1067314227558300000,1,3,0
1144353551793230000,1,3,3
1252521897436290000,1,1,2
340288713,1,3,1
1048251304307550000,1,3,0
1466109106226430000,1,3,3
296867794,1,3,2
931048904,1,3,1
1110694260284760000,1,2,0
1252520009752050000,1,1,2
1469164918796590000,1,3,3
28241597,1,1,1
1038470190898590000,1,3,0
1252520081956960000,1,1,2
1469162174324950000,1,2,3
251283319,0,0,1
1028067781982470000,1,3,0
1144358330598640000,0,0,3
1252520102244840000,0,0,2
1482702949,1,3,1
1106195905584250000,1,3,0
1252617167297780000,1,1,2
1315633574,1,3,1
1469155054561140000,1,3,3
1252521060462960000,1,1,2
1469151770144380000,1,3,3
343062092,1,1,1
958117595437136000,1,2,0
1252521718050160000,1,3,2
1469151667794880000,1,3,3
59270527,1,3,1
925447307759422000,1,2,0
1252521915262040000,1,1,2
1469151444578270000,1,3,3
901875412044835000,0,0,1
925447307759422000,1,3,0
1004768251807770000,1,2,0
1144367077358200000,1,3,3
1252522010682480000,0,0,2
3437988988,1,3,1
1047468943563240000,1,3,0
1176298677033460000,1,3,1
1252522045306540000,1,1,2
1469139803383930000,1,2,3
1007816999588800000,0,0,0
1144368251515690000,1,2,3
1252522132468310000,0,0,2
4544016208,0,0,1
1033684333545100000,1,3,0
1161524605556790000,1,3,2
1239954137254680000,1,3,1
1466109106226430000,1,3,3
1124466339723110000,1,1,0
1252522242665110000,0,0,2
1469134624395870000,0,0,3
170531401,0,0,1
1252625119438080000,0,0,2
1469134593370590000,1,3,3
895590626867068000,0,0,1
962360595365355000,0,0,0
1031786572042190000,1,2,0
1252523419792520000,1,3,2
1469127031485080000,1,3,3
700392010612493000,1,3,1
1026936502532670000,1,1,0
1252523743055950000,1,2,2
1469126473399370000,1,2,3
34041481,0,0,1
1252523840300800000,0,0,2
1469123517509680000,1,3,3
715495167659080000,0,0,1
976810243081560000,1,2,0
1001695860726640000,0,0,1
1252527039283940000,1,1,2
1469123249657280000,1,2,3
976810243081560000,1,1,0
1111731361159800000,1,1,1
1252527844661440000,0,0,2
1469121821861670000,1,3,3
905872638337272000,1,1,0
1059902095543960000,1,2,0
1252527879168170000,0,0,2
1469118068135630000,1,3,3
15150603,0,0,1
1123965890247180000,1,2,0
1252527891570700000,0,0,2
1290239300,0,0,1
1469117813356760000,1,3,3
1002986991716320000,1,3,0
1144429852138880000,1,2,3
1252528334614900000,0,0,2
600515073,0,0,1
1114241272628280000,1,1,0
1252493532826290000,0,0,3
381404300,1,3,2
565320203,1,3,1
1050608209742800000,1,3,0
1252528591994310000,0,0,2
1469117641180600000,1,3,3
2468467066,1,3,1
1252529380506700000,0,0,2
1469117373663750000,0,0,3
343062092,0,0,1
979102394528215000,1,1,0
1252530151910320000,1,3,2
1469114213691960000,0,0,3
6320512,1,3,1
926604050325368000,1,1,0
1016470020698880000,1,3,0
1144431365917740000,0,0,3
1252608107080960000,0,0,2
19846045,1,3,1
1058592741024640000,1,3,0
1144441381173310000,1,3,3
1252586092169220000,1,2,2
68741593,0,0,1
1027291122673040000,1,1,0
1252594110613110000,0,0,2
1469096962221750000,1,2,3
25860561,0,0,1
1027291122673040000,0,0,0
1144444164333080000,1,2,3
1156379091412690000,1,3,1
1252531913153080000,1,2,2
1252533148266690000,0,0,2
1469089612400350000,1,3,3
366885012,1,3,1
921512751804984000,1,3,0
1049385830316410000,0,0,0
1252624813924970000,1,3,2
1469084737784480000,1,3,3
48183900,1,3,1
1096686119809360000,1,1,0
1252534896691550000,1,3,2
1469083222818560000,1,2,3
33639255,1,3,1
1200341745193490000,1,2,2
1466077511364790000,0,0,3
37391110,1,1,1
923575748404956000,1,3,0
1069957365317930000,1,3,0
1252535654774220000,1,2,2
1469077136333890000,1,3,3
20216055,0,0,1
1069957365317930000,1,3,0
1252536170413550000,1,2,2
1469076503212250000,1,3,3
2947202693,1,1,1
1252540827273800000,0,0,2
1469075792973990000,1,3,3
208069296,1,3,1
902499615903292000,1,1,0
1075437064693310000,1,1,0
1252561496435030000,0,0,2
1469075691094380000,1,3,3
3286339608,1,3,1
1075437064693310000,1,3,0
1252537562482120000,0,0,2
1469074565682840000,1,3,3
2919040137,0,0,1
1115606517116300000,1,3,0
1252538145821840000,1,3,2
14321563,1,1,1
1469073728730490000,1,3,3
1006214766346540000,1,1,0
1144499822226910000,1,3,3
1252538145935110000,0,0,2
2613682957,0,0,1
1230984161483240000,0,0,1
1252538549448110000,0,0,2
1469071545834380000,1,2,3
918497698591969000,1,2,0
1144504915542380000,1,2,3
1252539938484190000,0,0,2
889171399985831000,1,2,1
918498841451728000,0,0,0
1252679511466000000,1,1,2
1076985724736400000,1,3,1
1126208152087680000,0,0,0
1469070711801210000,1,3,3
1051003146322010000,1,3,0
1252874594630800000,1,1,2
1466051188995110000,0,0,3
743291654,1,3,1
1065877530337390000,1,1,0
1252541236797470000,1,3,2
1264853987729240000,1,3,1
1469068957827130000,0,0,3
1099397245592560000,1,2,0
1252541677849490000,0,0,2
1469066390325920000,0,0,3
788349570,0,0,1
1064011004441280000,1,3,0
1177027056997010000,0,0,1
1252730857736990000,0,0,2
1469068688976480000,1,3,3
1064011004441280000,1,3,0
1252542161024960000,0,0,2
1469067672654590000,1,3,3
376427402,1,3,1
1040739720098000000,1,2,0
1252542211490800000,0,0,2
1469067201407710000,1,3,3
519322190,0,0,1
1040739720098000000,1,2,0
1070336324,0,0,1
1252542950015440000,1,2,2
1469066636414040000,1,3,3
1144582991357840000,1,2,3
1252543554238360000,0,0,2
71465367,1,3,1
928469557454561000,0,0,0
1245403752678320000,1,3,1
1252543556683570000,0,0,2
1469066433132840000,1,2,3
945156515501100000,0,0,0
1112170792723360000,1,2,1
1252543556897710000,0,0,2
1469065752808490000,0,0,3
945156515501100000,1,3,0
1001221802843130000,1,3,0
1128982024956600000,0,0,1
1252543556922750000,0,0,2
1855295976,1,3,3
1024676225552400000,1,3,0
136421979,1,3,1
1466050049763370000,0,0,3
444719682,1,3,2
1066619013520750000,1,2,0
124896632,1,3,1
1252543556918680000,0,0,2
1881236802,1,3,3
1252596824206190000,0,0,2
1258028879597290000,1,3,3
1260365319127680000,1,3,1
979777993366260000,1,1,0
1141402834899830000,0,0,0
1246831543190000000,1,2,3
1252544941517130000,0,0,2
1267473049844160000,0,0,1
1049304938642320000,0,0,0
1205524153962350000,1,3,1
1252645667635410000,1,1,2
3177245588,1,3,3
1009891709713440000,1,1,0
1252545823130380000,1,3,2
1368049044,1,3,3
221088789,1,3,1
1127695490185870000,1,1,0
1249135147221290000,1,3,3
1252547274095360000,0,0,2
128005827,0,0,1
1252549207338000000,1,1,2
1121535546805880000,1,3,0
140834823,1,3,1
2900601258,1,3,3
1089814085003230000,1,1,0
1252645667635410000,1,1,2
1262383275273740000,1,2,1
1421168431,1,3,3
1122485398834480000,1,3,0
1252549560351810000,0,0,2
3322469932,1,3,3
525847148,1,1,1
1114647194563430000,1,1,0
1252550150205070000,0,0,2
2480083422,1,3,3
319106670,0,0,1
1067205260878330000,1,2,0
144737971,1,2,1
1466047537136240000,0,0,3
861696753493396000,1,3,2
1063233258471710000,1,3,0
1252550335308210000,1,3,2
226310002,1,3,3
408485353,1,3,1
1247350353428960000,0,0,1
1252550406372270000,0,0,2
343062092,1,2,3
960614044393598000,1,2,0
1252551522594020000,0,0,2
3241411696,0,0,3
348211765,1,3,1
907935555589111000,1,3,0
1252550335308210000,1,3,2
282433238,1,3,3
8758642,1,1,1
907935555589111000,1,1,0
1022386712591370000,1,3,0
1252551703435630000,0,0,2
455971043,1,3,3
801063766897097000,1,2,1
1134236774245510000,1,1,0
1252552113315550000,0,0,2
274718256,1,3,3
966612436978580000,0,0,1
1134236774245510000,1,2,0
1252552529780630000,0,0,2
234357519,1,3,1
2718236783,1,3,3
1133063013450360000,1,2,0
1179163697262080000,1,3,1
1252553834657960000,1,3,2
744291996047654000,1,3,3
1035140447532760000,1,2,0
1252607616464830000,0,0,2
15061869,1,1,1
42995128,1,2,3
1252554709384260000,1,3,2
249191469,1,3,3
946610709886046000,1,3,1
978379239778024000,1,2,0
1467904970246790000,1,3,3
906815777931713000,1,2,1
960953802861015000,1,3,0
982426749811163000,0,0,2
1013456962372090000,1,2,1
1466047078694570000,1,3,3
216446007,1,1,2
941963775032339000,1,3,0
1123872478651120000,1,3,0
1252554982601230000,0,0,2
3831664762,1,3,1
923885418663177000,1,3,3
1123872478651120000,0,0,0
1252561954008360000,1,3,2
1675849927,1,3,3
228680547,1,3,1
1252556841474600000,0,0,2
1965678656,1,2,3
85256730,1,3,1
928469557454561000,0,0,0
1252557326810240000,0,0,2
494286357,0,0,1
731521574919113000,1,2,3
950698807213395000,1,3,0
1252564223755980000,0,0,2
1434453764,1,2,3
358750559,0,0,1
948647982861356000,1,3,0
1105138657869080000,1,1,0
1252563770280300000,0,0,2
135713668,1,2,3
3445882817,0,0,1
1085960750869400000,1,3,1
1252557855691090000,0,0,2
606121243,1,3,3
956509091739905000,1,2,0
1252558737572870000,0,0,2
18397725,1,2,3
283704788,1,1,1
906225653183265000,1,1,0
1252639958671710000,0,0,2
21120006,0,0,1
866854766067932000,1,3,3
906225653183265000,1,3,0
1252559108991000000,0,0,2
1067636235500510000,1,2,0
764979678608104000,1,3,3
906962526805655000,1,3,1
1005042010347180000,0,0,0
1252495158832160000,1,3,3
2237788747,0,0,2
2729121990,1,2,1
1042083442752650000,1,3,0
1252559126074350000,0,0,2
155191086,1,2,3
455418178,1,2,1
1085624450526160000,1,2,0
1207668439663480000,1,2,3
1252559272627650000,1,3,2
2155045073,0,0,1
1023594246845150000,1,2,3
1119015706262030000,1,3,0
1252560179700320000,1,3,2
1674501540,1,1,1
1252560862642130000,0,0,2
1368049044,1,2,3
157109830,1,3,1
930532939535993000,1,3,0
1102925339062390000,1,1,0
1247530472734770000,1,3,1
1251663865257110000,1,1,3
1252561201843830000,1,3,2
1030063352482070000,1,1,0
1252562759188960000,1,3,2
601195066,1,1,1
861434924,1,2,3
1102925339062390000,1,3,0
1252563593607950000,0,0,2
1344745201,0,0,3
274209764,1,1,1
1037631017333470000,1,3,0
1252563458937220000,1,2,2
3054283376,1,2,3
3303970815,0,0,1
1090447585637260000,1,1,0
1103461055789950000,1,3,3
1252563615028240000,0,0,2
2338476889,0,0,1
1088504831008880000,1,2,0
1252563710478080000,0,0,2
68741593,1,2,3
802980653650288000,1,3,1
1082375902300890000,1,3,0
1198740851398040000,1,3,1
1466044234524480000,1,3,3
346406417,1,2,2
1074499678899710000,1,3,0
1252564168282110000,1,3,2
231693150,1,2,3
751122719698071000,1,3,1
1018492135249760000,1,3,0
1252565518189540000,0,0,2
4027091295,1,2,3
783809097510465000,1,3,1
1252565761303940000,0,0,2
1253813275013390000,1,3,1
14708436,1,2,3
919511270201724000,1,1,0
1018261494176280000,1,3,0
1252566537115910000,1,3,2
2786686458,1,3,3
3143363731,1,3,1
1097894470224390000,0,0,0
1252567808879110000,1,3,2
1260960991073960000,1,3,3
90550822,1,3,1
1105142820510310000,1,1,0
1252687584981010000,1,1,2
193405783,1,2,3
2877956828,0,0,1
1053952275889150000,1,2,0
1252570078287180000,1,3,2
2729121990,1,3,1
3210449751,1,3,3
1050440277834490000,1,3,0
1252572447490130000,1,3,2
154460197,1,3,1
2739031874,1,2,3
1020242988029680000,1,1,0
1252570899078880000,1,2,2
165298304,1,3,1
34073398,1,2,3
1108791167196550000,1,1,0
1252571335437570000,1,2,2
2391345684,1,3,3
91437821,1,3,1
1028088082828920000,1,3,0
1146222929039900000,0,0,2
1465875310730160000,0,0,3
999430310491294000,1,2,1
1122229694450010000,0,0,0
1252571629911220000,0,0,2
226310002,0,0,1
29119422,1,2,3
1090231561,0,0,1
1098074878031180000,0,0,0
1230079565231460000,1,2,3
1252572091578250000,1,1,2
1098160340725120000,1,2,1
1123288709657390000,1,2,0
1252572733168390000,0,0,2
521332575,1,2,3
1122996126590920000,1,1,0
1252572875019680000,1,3,2
21711312,1,3,1
2952724245,1,2,3
1037541129019840000,1,3,1
1125456221643760000,0,0,0
1252574800360360000,1,3,2
33253379,1,2,3
1252574855255520000,1,1,2
2994951365,1,3,1
81238912,1,2,3
982303149716327000,1,3,0
1252576730314750000,1,1,2
262522708,1,2,3
734307331,1,3,1
981665149877660000,1,3,0
1019605651171870000,1,2,0
1252576755568670000,0,0,2
70816234,1,2,3
882326023,1,3,1
1144299220654000000,1,3,0
1252577158394000000,0,0,2
1247928200832960000,0,0,1
158626786,1,2,3
1125761309742470000,1,3,0
1252577559423750000,0,0,2
1596829382,1,2,3
78336585,0,0,1
1073185860009480000,1,2,0
1112906300650720000,1,3,1
1195864281784490000,1,3,2
1465857695743980000,0,0,3
1135727760,1,2,3
1252577799761790000,0,0,2
3437357051,1,3,1
956122644188880000,1,3,0
1091124567047870000,1,2,3
1113254369212760000,1,1,0
1252577836688450000,0,0,2
3319074550,1,3,1
1025790095952090000,1,3,0
1136904888263360000,1,3,3
1240113937393280000,1,3,1
1252579891838670000,0,0,2
1113254369212760000,1,1,0
1219986276495110000,1,1,1
1241582453409490000,0,0,3
1252580026815590000,0,0,2
1127612709455960000,1,3,0
1247484756314540000,0,0,1
1252580026815590000,0,0,2
1264063229128350000,1,2,3
1125565419757150000,1,2,0
1252580529305710000,0,0,2
226310002,1,3,1
78966881,1,2,3
1127612709455960000,1,2,0
1252580903014080000,0,0,2
42114288,0,0,3
68589322,1,3,1
1125565419757150000,1,1,0
1252582162274130000,0,0,2
282636336,1,3,1
833429278725438000,1,2,3
1252582215772280000,0,0,2
341082746,1,3,3
755671689103412000,0,0,1
962791095427059000,1,3,0
1129671170519900000,0,0,0
1252582261427390000,0,0,2
788873877946507000,0,0,1
850407830540734000,1,2,3
1006725905484590000,0,0,0
1247305732434890000,0,0,2
1252495730557750000,0,0,3
31151698,1,3,1
1104412633443320000,1,3,0
1252582316595180000,1,1,2
39269638,1,3,1
85605181,1,2,3
1051630125488440000,1,2,0
1252582732359690000,0,0,2
2450701819,1,3,3
389581525,1,3,1
1104412633443320000,1,3,0
1252583482045310000,0,0,2
22250517,1,2,3
222513204,1,3,1
1051630125488440000,1,1,0
1252584153016640000,0,0,2
191801348,1,3,3
27233610,0,0,1
1247902198660330000,1,3,1
1252584174671790000,0,0,2
2269557301,1,3,3
952456392702558000,1,1,0
1047644138848480000,1,3,1
1074767440574240000,1,3,0
1246831543190000000,1,1,3
1252584514372650000,1,3,2
1130704206644600000,1,1,0
4320028498,1,2,3
937419244299484000,1,3,1
1067271375847640000,1,1,0
2767591421,1,3,1
84109239,1,2,3
1106523735820060000,0,0,0
2779517050,1,2,3
42632231,1,3,1
1110123568854160000,1,1,0
2205210923,1,1,1
337241482,1,2,3
1039529456484920000,0,0,0
1234897073780190000,1,3,2
1262652643144580000,0,0,1
1465844559531920000,1,3,3
1033183097456640000,1,3,0
1145743875123960000,1,2,3
1213026386505420000,0,0,1
1141901553038700000,1,1,0
1145024237515590000,0,0,1
1223366903290310000,1,2,3
1033183097456640000,0,0,0
166832738,1,2,3
34834370,0,0,1
1141901553038700000,0,0,0
117784266,1,2,3
551507199,1,3,1
14546575,0,0,1
722152048054168000,1,2,3
954105764053995000,1,1,0
1049704615850240000,1,1,0
801346075181326000,1,2,3
986648618,1,3,1
736407021558235000,1,3,1
950493742317953000,1,2,3
954105764053995000,1,1,0
1021571258016710000,1,2,0
1055683746,1,2,3
20883075,1,3,1
1172637416055870000,1,3,1
1191193683523050000,1,2,3
965317954622577000,0,0,0
1099008721252830000,1,3,0
1202746216867650000,1,3,1
2729121990,1,3,3
1139906218414220000,0,0,0
1157896524879320000,1,3,2
1465842621314720000,1,2,3
790905982146707000,0,0,1
1233948626776440000,1,3,1
1246831543190000000,1,2,3
951748355276902000,1,2,0
1029316320041550000,1,3,1
1149334292687920000,1,3,3
921645787041239000,1,1,0
1073401517774890000,1,3,0
1251916637101570000,1,3,1
26514883,1,2,3
885878383,1,2,1
921645787041239000,0,0,0
98127673,1,3,3
1025608268700350000,1,3,0
1717724726,1,3,1
553115760,1,3,3
180596658,1,2,3
878354066258132000,1,2,1
946471112975748000,1,2,0
1075951485098330000,1,2,3
15061869,0,0,1
956771435367881000,1,1,0
1001221802843130000,1,3,0
1008167701,1,3,1
303866024,1,2,3
411621494,1,3,1
701205800941912000,1,3,3
956771435367881000,0,0,0
1087754935243020000,1,2,0
1216499637911250000,1,2,3
1226951883698370000,1,3,1
1465840872667420000,0,0,3
226310002,0,0,2
47881452,1,2,1
935940625425460000,1,1,0
1028144744650560000,1,2,0
20637007,1,2,1
260525365,1,2,3
1083180973276220000,1,3,3
1140556268458960000,1,3,0
4031879242,1,3,1
1135717877133280000,1,3,0
1139396104347240000,1,2,3
199941868,1,3,1
1100098715774300000,1,3,0
216242841,1,2,3
2227722464,1,1,1
1144529339951760000,1,1,0
142835861,1,2,3
238578255,1,3,1
1093913951417520000,0,0,0
1257911949792160000,1,2,3
3029925590,1,2,1
1035415095545750000,1,3,0
104625065,0,0,1
23429613,0,0,3
1240959361465430000,1,3,3
76768792,0,0,1
906215411645107000,1,3,0
1136532007113150000,1,2,0
1239742479743820000,1,3,1
26051165,1,3,3
2189903539,1,3,1
566810805,1,2,3
906398727610519000,1,3,0
1252497098051760000,1,3,3
753623149929868000,0,0,2
921986028491063000,1,3,1
961999464679559000,1,3,0
1011557430,1,1,1
1245703622878470000,1,3,3
980124614495006000,1,3,0
1069232614337310000,1,3,0
226310002,1,1,1
2361558474,1,3,3
1094639055667630000,1,1,0
723896723794439000,1,3,1
981089397742492000,1,3,3
1112667549219600000,1,2,0
1492828734,1,3,3
901875412044835000,1,3,1
1092604056193740000,1,3,0
394091644,1,2,3
723896723794439000,1,3,1
1112681373121200000,0,0,0
1893615450,1,2,3
924738544916225000,1,3,1
243001848,0,0,1
298789217,1,3,3
906857634204195000,1,1,0
1048378724218030000,1,3,0
4861620111,1,3,3
808018013811142000,1,3,1
1085960750869400000,0,0,1
1102162273907470000,1,1,0
1288793630,1,3,3
1078418433526710000,0,0,1
1213249150248040000,1,2,3
918858271925996000,1,3,0
1057360260581740000,1,3,0
1257045337061100000,1,3,1
1467899994871040000,0,0,3
181157263,0,0,2
1018185650317720000,1,3,0
1465838667281290000,1,3,3
406695706,0,0,1
974382465748904000,1,3,2
1032904812281520000,1,3,1
822542068014870000,1,3,3
961237438931795000,1,2,0
1041867197142960000,1,2,0
291367023,1,3,1
825681620350951000,1,3,3
498732760,1,2,3
68741593,0,0,1
912432991640662000,1,3,0
465319204,1,1,1
971646278701665000,1,3,0
978340391140420000,1,2,3
1611418885,1,2,3
209175146,0,0,1
946959644651483000,0,0,0
1101872841706800000,1,1,0
1233514528035530000,1,2,3
4079191273,1,3,1
120409587,1,3,1
58370666,1,3,3
929461919240596000,0,0,0
1084784552554270000,0,0,1
1131599943007960000,0,0,0
1184119496182800000,1,3,3
208076721,1,3,3
879801535353539000,1,3,1
929461919240596000,1,1,0
1131599943007960000,1,3,0
1222879819798570000,1,2,3
966998149322620000,0,0,1
1050535273401070000,1,1,0
1081007240209820000,1,2,1
1166628392998960000,1,3,2
1465838004040160000,0,0,3
1095941663103500000,1,3,0
1098967484336650000,1,3,3
2358558067,0,0,1
14339748,1,3,3
2460974640,0,0,1
951534301958556000,1,3,0
1040417947062280000,1,3,0
112575554,1,2,1
292382623,1,3,3
1018530843361520000,1,2,1
1194248359495620000,1,2,3
923525538609795000,1,1,0
1056144247693400000,1,2,0
311856115,1,2,3
34071591,1,3,1
2254511168,1,3,1
763530322692766000,1,2,3
975751750769696000,1,2,0
1056144247693400000,1,3,0
1259989397778370000,1,3,3
226310002,1,3,1
1077389159344480000,1,2,3
1140193092840110000,1,3,0
457177192,1,3,1
1081773289897440000,1,3,3
1093865996622780000,1,1,0
3316839953,1,2,1
129905825,1,3,3
226310002,0,0,1
946592006272404000,1,3,0
1069662695341740000,0,0,2
1113156497503070000,0,0,0
1465828661945310000,0,0,3
53836671,1,3,1
1001223672395430000,1,3,0
1255078310230530000,1,3,1
719609988,1,2,3
1109664519700110000,1,1,0
1247723843424110000,0,0,3
766654270913383000,0,0,1
1134070985240570000,1,1,0
2471935945,0,0,1
40163487,1,2,3
1097861991417290000,1,3,0
1250215133638450000,1,3,3
50889432,1,3,1
1109664519700110000,1,3,0
220504159,1,3,1
766279737387977000,1,2,3
1000786856429080000,1,1,0
1214589906233760000,1,2,1
187413645,1,2,3
1161714879973080000,1,2,3
800049782014230000,1,1,1
969817867087728000,1,1,0
1029949266939120000,0,0,0
1238467680773890000,0,0,1
343062092,1,3,3
1141378709527680000,1,1,0
48199786,1,3,1
884469474488983000,1,3,3
2377069459,1,2,3
507777901,0,0,1
969817867087728000,1,1,0
1135926528687160000,1,1,2
1252499207778240000,1,3,3
27770296,1,3,1
934403947036491000,1,1,0
1096858921082540000,0,0,0
1111923493199900000,0,0,1
995126013884592000,1,3,3
1141378709527680000,1,1,0
1258694193624430000,1,3,1
205342241,1,2,3
1086098417149870000,1,3,0
29024224,1,2,3
89125338,1,1,1
1039523930594250000,1,3,0
1214679525398720000,1,3,1
3395279733,1,2,3
1097578882780310000,1,3,0
1148645110307020000,1,1,1
2723230173,1,3,3
1172539356361490000,1,2,3
143168014,1,2,1
949386722881756000,0,0,0
1042596926758240000,1,3,0
2729121990,1,3,1
49554972,1,2,3
1164302478764120000,1,3,3
14115027,0,0,1
949462657148399000,1,3,0
1129650393019920000,1,1,0
1236504484055920000,1,3,1
2904498017,1,2,3
1115218106132110000,0,0,1
3401945188,1,3,3
956594368017849000,1,1,0
1013473029274380000,1,3,0
1252501032103320000,0,0,3
1258028879597290000,1,2,2
2729121990,1,3,1
1010324542147950000,1,3,0
1071524448593950000,0,0,1
766825944686272000,0,0,3
1129650393019920000,1,1,0
2903859823,1,3,1
706116758,1,3,3
1465839525276510000,1,3,0
3515738421,1,3,3
503809415,0,0,1
1090717414726240000,1,1,1
1465838667281290000,1,1,0
452469174,0,0,3
1006791529309040000,1,1,1
1143085313058830000,1,3,0
359006530,1,3,3
1143112797661910000,1,1,0
3312985380,1,3,3
68927629,1,3,1
1143126089285470000,1,3,0
2155707428,1,3,1
901875412044835000,1,2,3
1239742479743820000,1,3,3
1465821568634950000,1,3,0
901875412044835000,1,3,1
1250724570568560000,1,3,1
1465817446133150000,1,3,0
3185076093,1,2,3
1465813730302760000,1,3,0
3265659668,1,3,1
859145770288779000,1,1,3
1246838036219830000,0,0,2
1264594599466630000,1,2,1
1465817446133150000,0,0,3
946672798386343000,1,1,0
1143132097936250000,1,3,0
17418186,1,3,1
509000411,1,2,3
1237121601935710000,1,2,1
1465759339461890000,1,2,0
2743810270,1,3,3
1143132413436070000,1,1,0
3823927978,1,2,3
881925481402072000,1,3,1
1046592738815340000,1,3,1
1468243682734350000,1,2,0
226310002,1,3,3
107652274,1,3,1
1143186158618400000,1,3,0
1210645969194420000,1,3,3
1468236250909920000,1,3,0
2296880117,1,2,3
711265942668332000,0,0,1
1132241317856060000,0,0,1
129041308,1,2,3
1468233416894280000,1,1,0
1143206082065680000,1,3,0
2398893018,1,3,3
68577507,1,1,1
1468202835464670000,1,3,0
6629022,1,3,3
814437316324311000,1,3,1
1143219113986320000,1,1,0
16676396,1,2,3
3297780738,1,3,1
1465813730302760000,0,0,3
2318721701,1,3,2
4588637434,1,3,1
979442331932769000,0,0,0
1468172314772590000,1,2,0
3054662090,1,2,3
513562154,0,0,1
1143227891901230000,1,1,0
1247928200832960000,1,2,3
540160691,0,0,1
1143228547177180000,1,2,0
1564562316,1,3,3
966292932,0,0,1
1143237662259760000,1,1,0
1253382756429680000,1,2,1
792192814486387000,1,3,3
1018699049011110000,1,2,3
1143237755083870000,1,1,0
1219065474954270000,0,0,1
1143238794944160000,1,1,0
18917882,0,0,1
822513589,1,2,3
1112110112695400000,1,2,3
1143240500956350000,1,3,0
954103462576483000,1,3,1
1221925340681040000,1,3,1
1468082934984940000,1,3,0
3619493054,1,3,3
1143249260843930000,1,2,0
1266698623,0,0,1
144567630,1,2,3
1468060313043870000,1,3,0
4459701,1,2,3
717761771226968000,1,3,1
1350018457,1,2,1
1465760535660650000,1,3,3
470463070,1,3,2
973958513562091000,1,3,0
1143256449143000000,1,3,0
1065644662147420000,1,3,1
1274190469,1,3,3
1468059211212980000,1,1,0
2878326994,1,3,3
924616158,0,0,1
1468058964894080000,1,2,0
2714967380,1,3,1
43559791,1,2,3
1143260427977130000,1,3,0
1156484976981830000,1,3,1
473943335,1,3,3
1136956131656410000,0,0,1
1143266223888570000,1,3,0
998950002327203000,1,2,3
1143272534999100000,1,1,0
1197670903833710000,1,2,3
343062092,0,0,1
1258830396470560000,1,2,3
1468040941105770000,1,3,0
830846794934403000,1,2,1
1468040573517000000,1,2,0
283619063,0,0,1
414946220,1,3,3
1038322286129020000,1,3,3
13525402,1,3,1
1468016087493230000,1,3,0
1143286275681720000,1,3,0
2729121990,1,3,3
920031329529580000,1,3,1
1093174646420170000,1,1,1
1252502826783240000,1,3,3
954406648424156000,0,0,2
980231155692665000,1,2,0
1143286886556940000,1,3,0
1247781755886500000,1,3,3
2257267812,1,3,1
1130980283765790000,0,0,1
1143295477409950000,1,3,0
27922157,1,3,3
1467676725589030000,1,2,0
2851571079,1,3,3
898836306167447000,1,2,1
1467971730266220000,1,3,0
216011343,1,3,3
754403068725300000,0,0,1
1467968047520480000,0,0,0
744147793611104000,1,3,1
85605181,1,3,3
1143340070860200000,1,1,0
1263842159725280000,1,3,3
901875412044835000,1,3,1
1121382796495390000,1,3,1
1143342447520600000,0,0,0
1683060932,1,3,3
1123906298247020000,1,3,3
1467964893730990000,1,2,0
3300735423,0,0,1
1467964643075260000,1,2,0
2369655635,1,3,3
374402411,1,3,1
1467964042488640000,1,3,0
801309835656568000,1,3,3
91913644,0,0,1
1465505752169280000,1,3,3
160998794,0,0,2
37030792,1,3,1
968033607871803000,1,2,0
1224034992969270000,1,2,3
1467963695250630000,1,3,0
4246245561,1,2,1
1143387851339560000,1,3,0
134162744,1,2,3
4638345982,0,0,1
1467955655223000000,1,1,0
1200330399102190000,1,3,1
68741593,1,3,3
115265964,1,3,1
1467955226799850000,1,1,0
23133818,1,3,3
1143442549475950000,1,2,0
1183040527244970000,1,3,1
3948624508,1,3,3
1121013315554030000,1,2,1
1143452328009310000,1,2,0
4855271678,1,2,3
1143453533091630000,1,3,0
1553777455,1,2,3
421176819,1,3,1
1109404384092240000,1,3,1
1264697164451790000,1,3,3
1467936307112460000,1,2,0
1143483022156670000,1,1,0
1469109630450160000,1,3,3
1539927260,1,3,1
1143483861139160000,1,1,0
1250793478860280000,1,3,1
1468257045631690000,1,3,3
101826976,1,3,2
10438186865099900000,1,3,0
1467719170972430000,1,3,3
3311905635,1,1,1
1074614148128950000,1,1,0
1241710211813040000,1,2,2
1252503787631240000,1,2,3
526864173,1,3,1
1467921271090460000,1,1,0
1469376514013760000,1,2,3
861188799832961000,1,3,1
1143495451318060000,1,1,0
1469363784116430000,1,2,3
757174716,1,3,1
1467680830751490000,1,2,3
1467913887941020000,1,3,0
961447587059388000,1,2,1
1467911572865610000,1,1,0
1468321884869630000,1,3,3
900754094490569000,0,0,1
1467907339567170000,1,3,0
1470216428758380000,1,2,3
2827135812,1,3,1
1143527734586560000,0,0,0
1469355210585820000,1,2,3
885261246303480000,1,2,1
1143544568882910000,1,3,0
1470158379268060000,1,3,3
15061869,0,0,1
1143553543036640000,1,2,0
1470157218691660000,1,2,3
94362332,0,0,1
1143562117502640000,1,3,0
1257352182522760000,0,0,1
1469338126418110000,1,2,3
1143563587102880000,0,0,0
1470096094134680000,1,3,3
207465808,0,0,1
1025824203893820000,1,1,0
1092120433476790000,1,1,1
1239898797075040000,1,2,2
1468238856587770000,1,2,3
1143563742648700000,0,0,0
1469330900152430000,1,2,3
958737683005747000,1,3,1
1143564360880700000,1,3,0
1204132991720640000,0,0,1
1469318962345350000,1,3,3
1467888623915870000,1,3,0
1469315495933470000,1,3,3
148154499,1,1,1
1467883205147640000,1,3,0
1469294334306560000,1,3,3
822477187701873000,1,1,1
1467879342046850000,1,1,0
1469952648740830000,1,3,3
810457422166969000,1,2,1
1199647314224130000,1,3,1
1467874685077570000,1,1,0
1469280439055660000,0,0,3
1467870958203630000,1,3,0
1469275192430110000,1,3,3
728751455730072000,1,3,1
1467864722280160000,1,1,0
1469242939729710000,1,2,3
788738939939089000,1,3,1
1143607100326790000,1,1,0
1469846607499870000,1,2,3
826588207236144000,1,1,1
1143622815356190000,1,3,0
1469842331272710000,0,0,3
843118622964961000,0,0,1
1038805964110140000,1,3,0
1171273664752320000,1,2,2
1252504571831850000,1,3,3
33612275,1,3,1
1107996871,1,2,1
1467837927376000000,1,1,0
1469841355534850000,1,3,3
1232904411413900000,1,3,1
1467831344227040000,0,0,0
1469207611241360000,1,3,3
1241687446305120000,1,3,1
1467815113579230000,1,1,0
1469201957034200000,1,2,3
1060300261,0,0,1
1467814217680090000,1,1,0
1469783840856030000,0,0,3
1025276631672390000,0,0,1
1467596107609870000,1,1,0
1469188213528920000,0,0,3
1467737538081310000,1,3,0
1469772349906070000,0,0,3
759449263256379000,1,2,1
1254481348838000000,0,0,1
1467737428001780000,1,1,0
1469770291740080000,0,0,3
1467726595016300000,1,3,0
1469172904076000000,1,2,3
160194192,1,3,1
1143697713692750000,1,1,0
1469754672562910000,1,2,3
920811998413246000,0,0,1
1215081357921010000,0,0,1
1467712199481180000,0,0,0
1469728374788700000,1,2,3
100994314,1,3,2
1052354781719760000,1,2,1
1100290338604800000,1,2,0
1468233416894280000,1,3,3
1467711775676270000,1,3,0
1469705002319050000,1,3,3
522450185,1,3,1
1089112333719390000,1,3,1
1143713866246830000,1,3,0
1469699961566670000,1,2,3
1143715011828880000,1,1,0
1469698458567280000,1,3,3
766726524384840000,1,2,1
1143723830378160000,1,2,0
122976053,0,0,1
1469697140272280000,1,3,3
107161142,1,3,1
1467622312296030000,1,2,0
1469672868183210000,1,3,3
106305021,0,0,1
1143744126703160000,1,1,0
1469151667794880000,1,3,3
1262679801996930000,0,0,1
1467636106879370000,1,1,0
1469602788548240000,0,0,3
1026661932089120000,0,0,1
1143757709826800000,1,2,0
1469597826225260000,1,3,3
1143765148751930000,1,3,0
1225099067610520000,1,3,1
1469508775136650000,0,0,3
1263876560400110000,1,3,1
1467523988897230000,1,1,0
1469136954105240000,1,2,3
1042811983886720000,1,3,0
117802666,1,3,2
1468223896298160000,0,0,3
226310002,1,3,1
1143768515230540000,0,0,0
1469478336267230000,0,0,3
701212394794695000,1,3,1
1143770558846410000,0,0,0
1469134593370590000,1,3,3
3357427702,1,2,1
1143777113834750000,1,2,0
1469437895542970000,1,3,3
272169866,1,3,1
1143781270956070000,1,3,0
135635462,0,0,1
1469402918843520000,1,3,3
1467614921223390000,0,0,0
1469390958072510000,1,3,3
892823113796382000,0,0,1
1143797135240010000,0,0,0
1469066433132840000,0,0,3
860709360,0,0,1
1143806003919670000,1,1,0
1259581401525080000,1,3,1
1469368364233590000,0,0,3
1467613180713070000,1,3,0
1469344867021160000,1,3,3
2962683688,1,3,1
1143824277210170000,1,1,0
1469340732028800000,1,3,3
825729569558817000,0,0,1
1143834121568830000,1,2,0
1469340388234170000,1,3,3
198313485,1,1,1
1117374370412880000,0,0,0
1468202835464670000,1,2,3
2787526291,1,2,1
737142202481016000,0,0,2
1143839375907770000,1,3,0
1469326639846790000,1,3,3
850621166,1,1,1
1467579661869790000,1,3,0
1469313206157910000,1,2,3
745692093528542000,1,3,1
1467571235789960000,1,3,0
1469309198278310000,1,3,3
95704865,0,0,1
1143850301906120000,1,3,0
1262766353783500000,1,3,1
1469112544900120000,1,3,3
138258608,1,3,1
1467557980564380000,0,0,0
1469109438493680000,1,2,3
1143851552375020000,1,2,0
1469071855537560000,1,3,3
492779860,0,0,1
1467539988078210000,1,3,0
1469172248409880000,1,3,3
955557638351224000,1,2,1
1103311710126030000,1,2,1
1143853079407800000,1,2,0
1469148726417610000,1,2,3
1467530227790140000,1,1,0
1469131874186390000,1,2,3
20029084,1,3,1
124971525,1,3,1
1467512224482790000,1,1,0
1469131109422310000,1,3,3
1243476954810120000,0,0,1
1468189369869680000,1,3,3
939618321086921000,1,3,2
981151453858459000,1,1,0
1143871988160570000,1,1,0
1469076792090800000,1,3,3
87624125,1,1,1
1467506128523330000,1,2,0
1469119189164110000,1,3,3
443681853,1,3,1
1469075792974000000,1,3,3
1467499148396080000,1,3,0
93609146,1,3,1
1467495711235310000,1,3,0
1469105366772280000,1,3,3
226310002,0,0,1
1467473653944230000,1,1,0
1469103206303200000,1,3,3
612928287,1,3,1
1467454332656390000,0,0,0
1469073728730490000,1,3,3
34622602,0,0,1
1467439824986590000,1,3,0
1469072004573790000,1,3,3
15776455,1,3,1
1143927152414520000,0,0,0
1239048075374710000,1,3,1
1469071545834380000,1,3,3
1467416306051910000,1,3,0
1469083419372300000,1,3,3
885954742169476000,1,3,1
1143928286701120000,1,3,0
1469070711801210000,1,3,3
407106950,1,1,1
1096440825796410000,1,2,0
1468172314772590000,1,3,3
292898515,0,0,1
831699046226092000,1,2,2
123379429,0,0,1
1467352098476000000,1,3,0
1469074658523850000,1,1,3
133780828,0,0,1
1467346571612360000,1,2,0
1469066844686400000,1,3,3
1467343055640480000,1,2,0
1469060042318080000,0,0,3
182597990,0,0,1
1467333929816490000,1,2,0
1469067672654590000,0,0,3
718105163588717000,1,3,1
1467333471190360000,1,1,0
1469067201407710000,0,0,3
361035775,1,2,1
1260956254563970000,0,0,1
1467332132829680000,0,0,0
1469066636414040000,0,0,3
1143998054925770000,1,3,0
1469066390325920000,1,2,3
3225990487,1,2,1
1144000789159040000,1,3,0
1215199419261430000,0,0,1
1469065980974350000,1,2,3
1144009629845910000,1,2,0
124896632,0,0,1
1469065752808490000,1,3,3
1467313581309910000,1,2,0
1469065395088800000,1,2,3
3346365616,1,3,1
1106689743268560000,1,3,0
1245546387099520000,0,0,1
1468122546516150000,1,2,3
800819409501699000,0,0,2
1144010044939400000,1,1,0
1469065055069110000,1,3,3
564725304,1,3,1
1466966085027180000,1,1,0
1469064563102730000,1,3,3
18450036,1,2,1
1008373954325720000,1,3,1
1467278074349760000,1,3,0
1469064320856160000,1,3,3
1144027322561040000,1,3,0
1469063999518080000,1,3,3
393949658,1,1,1
1035943523152010000,1,3,1
1467266114061300000,1,3,0
1469063632759790000,1,3,3
1225250830728800000,1,2,1
1467259436288790000,0,0,0
1469062823644890000,1,3,3
1245884934889360000,1,3,1
1467256042102730000,1,3,0
1469062369338910000,1,2,3
1144051478136590000,1,2,0
1469062038496460000,1,2,3
2422612644,1,3,1
1144052531963850000,1,3,0
1469061615609910000,1,2,3
74912811,0,0,1
1467226875139340000,1,1,0
1468827755781440000,1,2,3
58880688,0,0,1
1128589359647770000,1,3,0
1252506291278400000,1,2,3
15489849,1,2,2
618704622,0,0,1
1467226701113520000,1,1,0
1468809775013960000,1,3,3
1747038559,0,0,1
1144067739788590000,1,3,0
1469052408395350000,1,2,3
714448197779910000,1,1,1
1467209931178650000,1,3,0
1469052040189990000,1,2,3
377134569,0,0,1
1040356660189900000,1,3,1
11440690261985000000,1,3,0
1469051554208560000,1,3,3
1144069556740280000,1,3,0
1469051246313190000,1,2,3
282716700,1,2,1
1144070497455470000,1,3,0
1468795305864920000,1,3,3
219346172,0,0,1
1078507246315800000,1,3,1
1144072540790360000,1,3,0
1468792670914940000,1,3,3
1144074303643660000,1,3,0
1239742479743820000,1,3,1
1469036305044670000,1,2,3
1096119320785150000,1,2,1
1467178732075050000,1,3,0
1469033930523280000,1,3,3
1467172721016640000,1,3,0
1468763187147320000,1,2,3
2250817146,1,3,1
1018161582185040000,1,3,0
126761623,1,3,2
1467606975265580000,1,3,3
934783628,1,3,1
1026867337,0,0,2
1109889672392720000,1,2,0
1468089815212340000,1,3,3
189266756,1,2,1
1467172514694630000,0,0,0
1469028773676860000,1,3,3
938462604330262000,0,0,1
1467172096849610000,1,1,0
1469025626657070000,1,3,3
167154956,1,3,1
1467148763261120000,0,0,0
1468746943920800000,1,2,3
21624310,0,0,1
1467145879903770000,1,3,0
1469017421226760000,1,3,3
1920970621,0,0,1
1467145255376000000,1,3,0
1469015294509190000,1,3,3
1646825430,0,0,1
1085960750869400000,1,3,1
1467143076183480000,1,3,0
1469014777062110000,1,3,3
1238467680773890000,1,3,1
1467139837971020000,1,3,0
1469013336398300000,1,2,3
1046519442102970000,0,0,1
1467137954858630000,1,1,0
1469010622629150000,1,2,3
1047990986,1,2,1
1467137761878710000,1,1,0
1468719021713660000,1,3,3
1144160480833020000,0,0,0
1170583109592580000,0,0,1
1469008263052190000,1,3,3
1032302095926540000,1,1,0
1468085903218400000,1,2,3
3427990114,0,0,2
901875412044835000,0,0,1
1144178085731920000,1,2,0
1468708222726970000,1,2,3
1522458356,0,0,1
1081876141634310000,1,3,1
1467102453510410000,1,2,0
1469000279521560000,1,2,3
1467085189927070000,0,0,0
1468705289927110000,1,3,3
20016200,0,0,1
1144235482622110000,0,0,0
1468993140145190000,1,3,3
2192010002,1,3,1
1146042337761600000,0,0,1
1467011769264710000,1,1,0
1468991937512400000,1,2,3
1467000516777350000,1,2,0
1468684695504300000,1,3,3
795451252100435000,0,0,1
1261117802242400000,1,3,1
1466999948637920000,1,3,0
1468986521231520000,1,3,3
1466998149063470000,1,1,0
1468680098001950000,1,2,3
892839804362259000,1,3,1
1242061517660370000,0,0,1
1466998124673740000,0,0,0
1468984400528350000,1,3,3
1144282556361320000,1,3,0
1260365319127680000,1,3,1
1468649142272600000,1,2,3
1468083863163440000,1,2,3
700789313840217000,1,3,1
765415509110041000,1,3,2
928200083656540000,1,3,0
1144292788667920000,0,0,0
1208057558277190000,1,3,1
1468977971071430000,1,3,3
1466992864131360000,1,3,0
1468973692470190000,1,2,3
431673974,0,0,1
1466985172864280000,0,0,0
1468970290361150000,1,3,3
2458999418,0,0,1
1466968879251350000,1,3,0
1468961345068340000,1,3,3
2241288482,1,2,1
1466976128493470000,1,2,0
1468616560960880000,1,2,3
354334507,0,0,1
1144305844483280000,0,0,0
1241774691741760000,1,3,1
1468955606526530000,1,2,3
1144308518482140000,1,3,0
1246831543190000000,1,1,1
1468949209336390000,1,2,3
1466956038448490000,0,0,0
1468947511754860000,1,2,3
784916704656755000,1,1,1
1466951147479070000,1,2,0
1468942969185120000,1,2,3
209237964,0,0,1
1144313357664750000,1,1,0
1468941337265410000,1,2,3
1545868784,1,3,1
1083718590912680000,1,3,0
124896632,1,3,1
1468082934984940000,1,2,3
607398681,1,3,2
1466908192445710000,1,3,0
1468590089110480000,1,3,3
816523406392708000,1,3,1
1468937655044000000,0,0,3
1466930546240590000,1,1,0
3365324512,0,0,1
1144324662886830000,0,0,0
1239651414571350000,1,3,1
1468589240363710000,1,2,3
1144324662886830000,1,3,0
1468588676082960000,1,2,3
2729121990,1,1,1
1466901530745960000,1,1,0
1468588158019400000,1,3,3
72906858,1,3,1
1144330602751150000,1,1,0
1468584745705550000,1,3,3
876783004026159000,1,3,1
1144331941572950000,1,3,0
1468933076617240000,1,2,3
898949987169644000,1,3,1
1215015698570840000,0,0,1
1466591126358350000,1,2,0
1468931952875030000,1,3,3
1468931885955000000,1,2,3
1466850850551290000,1,2,0
67693098,0,0,1
1144351101778620000,0,0,0
1468497206617550000,1,2,3
295317833,1,3,1
1105145228154090000,1,1,0
1252510463449060000,1,3,3
38076044,1,3,1
4102581132,1,3,2
1466825031967710000,1,3,0
1468926348827790000,1,3,3
901875412044835000,0,0,1
1466834445978240000,1,3,0
1468432572644510000,1,3,3
809986703809276000,1,3,1
1466829570057930000,1,3,0
1468920927933110000,1,2,3
882085725872771000,1,2,1
1466827691945080000,1,2,0
1468400927275110000,1,2,3
817935689396300000,0,0,1
1466827359336670000,1,3,0
1468915396983920000,1,2,3
2863694324,0,0,1
1144358494147080000,1,3,0
1468904238390640000,1,3,3
863900248250470000,1,2,1
1466814274731380000,1,2,0
1468383644246920000,1,2,3
241972988,1,3,1
1400944536,1,3,1
1466810894239720000,1,3,0
1468327288303500000,1,3,3
1144364254704870000,0,0,0
1468884898559710000,1,2,3
3029967371,0,0,1
1144367077358200000,1,2,0
1209476774473510000,1,3,1
1468884056167290000,1,2,3
1083757901368430000,1,3,0
1264697164451790000,1,3,2
1468060313043880000,1,2,3
822223610,1,3,1
1466807192892440000,1,1,0
1468282304866910000,1,2,3
765007174942809000,1,3,1
1158111493600260000,0,0,1
1466805017185240000,1,2,0
1468854596596480000,1,1,3
1144368551848860000,1,2,0
1468840855708560000,1,3,3
255574984,0,0,1
1144383447957400000,1,3,0
1264705801937120000,0,0,1
1468233834420470000,1,3,3
1466631821760890000,0,0,0
1468814174935450000,1,2,3
827580012924719000,0,0,1
1466792235047920000,0,0,0
1468808031865430000,1,3,3
19182456,1,1,1
1144385139331520000,1,3,0
1468807663114840000,1,2,3
341150520,1,3,1
1466788917378780000,1,3,0
1468800428544560000,1,2,3
809359548,1,2,1
1094629837,1,2,1
1466786679461600000,1,1,0
1468799038904480000,1,3,3
1466785192962570000,1,2,0
1468797180408430000,1,3,3
42242586,0,0,1
1116012781537560000,1,1,0
1245633385973700000,1,3,1
1252511377966500000,1,3,3
197717777,0,0,2
1466784125873000000,1,3,0
1468790772963020000,1,2,3
968986703766671000,1,3,1
1117227498,1,1,1
1466784120361590000,1,3,0
1468790606453420000,0,0,3
1466779177638570000,1,1,0
1468040603263000000,1,2,3
822542068014870000,0,0,1
1466771166216000000,1,1,0
1468783838608430000,1,2,3
791607962,0,0,1
1466770829933520000,0,0,0
1468028530328040000,1,3,3
2836454576,0,0,1
1466768693770300000,1,3,0
1468777669579790000,1,3,3
2401136186,1,3,1
1466765462042240000,1,3,0
1468776455815320000,1,2,3
61026368,1,2,1
1466760745107000000,1,3,0
1468774328862960000,1,2,3
403525889,0,0,1
1144444164333080000,1,3,0
1467989753064820000,1,3,3
226310002,1,3,1
1144444329093520000,1,3,0
1468746835569280000,1,3,3
2827709824,1,3,1
1252511404587830000,1,3,3
831307291517385000,0,0,2
916979857782960000,1,3,1
948565020861976000,1,3,0
1144446739409180000,1,3,0
1258885545658390000,1,2,1
1468751545319580000,1,2,3
1052289756527110000,0,0,1
1144447256742890000,1,3,0
1468749690166460000,1,2,3
1144451919278030000,1,1,0
13566802,0,0,1
1468747205905420000,1,3,3
1466641542098000000,0,0,0
1468746929303690000,1,2,3
30329083,0,0,1
1092557955705290000,0,0,1
1466618995100890000,1,2,0
1468746573861510000,0,0,3
1049585267772960000,0,0,1
1144477872167370000,1,2,0
1467888006807830000,1,3,3
1144479413154630000,0,0,0
1468745442779430000,1,3,3
63301603,0,0,1
1258885545658390000,1,3,1
1466596752509720000,1,3,0
1467888006807830000,1,2,3
113655965,1,2,1
1466394463685770000,1,1,0
1468744730951430000,0,0,3
1466588109689080000,0,0,0
1467867461865420000,1,3,3
267209337,1,3,1
1034087906783230000,1,3,0
1049585267772960000,1,3,1
1247127615955030000,0,0,2
1468059211212980000,1,3,3
1466585796199070000,1,3,0
1467859945605360000,1,2,3
762427102008225000,1,3,1
1032904812281520000,1,3,1
1466575065730970000,0,0,0
1468727872336570000,1,3,3
1466572583260660000,1,3,0
1468726943688390000,1,3,3
214720301,0,0,1
1079777436764510000,0,0,1
1466563572842950000,1,1,0
1468723167950730000,1,2,3
1144540179149040000,0,0,0
1468721019401630000,1,2,3
226310002,1,3,1
1144547212636160000,0,0,0
1468719460169270000,1,2,3
863900248250470000,1,2,1
1144558372487900000,1,1,0
1468619042286190000,1,2,3
564725304,1,2,1
1144572497569990000,1,1,0
1467756013285740000,1,3,3
197096883,1,3,1
1339014276,1,2,1
1466546319451900000,1,1,0
1468702740503260000,1,2,3
1466546153567180000,1,3,0
1468702284293040000,1,3,3
824490710711676000,1,3,1
1062256128841660000,0,0,2
1106062412174800000,1,2,0
1252511504064070000,1,3,3
80173790,1,3,1
1144592021551760000,1,3,0
1468700969957560000,0,0,3
3022090786,1,3,1
1468699853509340000,1,3,3
151407497,0,0,1
1468697982426080000,1,2,3
20116114,0,0,1
1468696959930270000,1,2,3
381507284,1,3,1
1260365319127680000,1,3,1
1468695023348670000,1,2,3
1249161525291600000,0,0,1
1468688491030650000,1,2,3
1248474014571310000,0,0,1
1468688281449670000,1,2,3
1064403380,1,3,1
1467663213521090000,1,2,3
1467663102548170000,1,2,3
2241288482,0,0,1
1468687123062600000,1,2,3
73051304,0,0,1
1097883400831130000,0,0,0
1467606359931820000,1,3,3
154460197,1,3,1
78741132,0,0,2
1109890174400490000,1,2,0
1468053708831390000,1,3,3
2376479599,1,3,1
3083291827,1,3,2
1468682126719680000,1,2,3
283941168,1,3,1
1468678454157510000,1,3,3
3194177710,0,0,1
1468676002809270000,1,3,3
87728553,0,0,1
1468673960481100000,1,3,3
21993294,1,3,1
1467644867815910000,1,2,3
409517608,1,1,1
1468672895572440000,1,2,3
460330754,0,0,1
1468672629431270000,1,2,3
3184112874,1,3,1
1467620621790190000,1,3,3
834161203857484000,1,3,1
1468671743950790000,1,3,3
838123523558288000,1,3,1
120178273,1,3,1
1468670697455200000,1,3,3
1014914335272030000,1,3,0
1468040941105770000,1,2,3
29877343,1,3,2
312855758,1,3,1
1467609199781800000,1,2,3
354686799,0,0,1
1468667084091580000,1,3,3
1948945603,0,0,1
1467548496798600000,1,2,3
369672854,1,3,1
1468666345130630000,1,2,3
3111016298,1,3,1
1250715192176110000,0,0,1
1468666131166760000,1,2,3
1467530014585410000,1,2,3
837785154651238000,1,2,1
1285607144,1,3,1
1468665716127590000,1,2,3
1468665114085640000,1,2,3
832340472836324000,0,0,1
1264697164451790000,0,0,1
1468664283462430000,1,3,3
1093831275935210000,1,3,1
1468664250033910000,1,2,3
1022583625152430000,0,0,0
1406433836,1,3,1
1468040573517000000,0,0,3
49404200,0,0,2
1468664161634840000,1,2,3
804062757775699000,0,0,1
1468663788475980000,1,3,3
818995316661726000,0,0,1
1311194118,1,2,1
1468663451086030000,1,2,3
1468663073967900000,1,3,3
3253261074,0,0,1
1101599649528520000,0,0,1
1468662854148650000,1,2,3
1467368309377160000,1,2,3
2829326083,1,2,1
1468662787517850000,1,2,3
736616399263563000,0,0,1
1239742479743820000,0,0,1
1468661904130380000,1,2,3
1466543470386950000,1,3,1
1467358733034470000,1,3,3
1466541808477890000,1,3,1
1468661521727280000,1,3,3
1136071017967750000,1,2,0
1252512778994280000,1,3,3
1256895178591210000,1,3,2
17105179,1,1,1
1265560122987870000,1,3,1
1468661461983610000,1,2,3
1466536038067680000,1,3,1
1468660895102400000,1,3,3
1466534855802430000,1,2,1
1468660741012120000,1,3,3
1269233639918720000,1,3,1
1467278373365930000,1,2,3
1264710694475160000,1,3,1
1467276471840300000,1,3,3
1468660309347000000,1,2,3
1264707993679070000,0,0,1
1264724633468760000,1,3,1
1467266806251400000,1,2,3
1466528602237760000,0,0,1
1468659970443030000,1,3,3
1466521725428960000,0,0,1
1468659690984940000,1,2,3
1466514989104170000,1,3,1
1468659411006720000,1,3,3
1074029918386810000,1,3,2
1468009116865990000,1,2,3
593824081,1,3,1
921336877424062000,1,2,0
1466514493245190000,0,0,1
1467202520032230000,1,2,3
1264708071760080000,0,0,1
1468659282199680000,1,3,3
1265392060267360000,1,2,1
1468656420463710000,1,2,3
1264750961894900000,0,0,1
1468655967973820000,1,3,3
1267782874541010000,1,3,1
1264797684658910000,1,2,1
1264722680944740000,1,3,1
1143127087399610000,1,1,1
1265620219998880000,1,3,1
1264708018404370000,0,0,1
1467997612452160000,1,3,3
2907821564,0,0,1
937446075094278000,0,0,0
944636300849766000,1,1,2
1264782238002120000,1,2,1
1162053677223480000,0,0,1
1264707870165060000,1,3,1
1264708119440960000,0,0,1
1264718161435340000,1,3,1
1264722859454340000,0,0,1
1266351733988550000,1,3,1
1265179762307320000,1,2,1
1266158484837580000,0,0,1
1266424585186050000,1,3,1
1124440071564680000,0,0,0
1252514848426130000,0,0,3
14788211,0,0,1
53798022,1,3,2
1269108208800600000,1,3,1
1264707953711430000,0,0,1
1269372857173270000,1,3,1
1265467764506080000,1,3,1
1265751042056070000,1,3,1
1264707981926630000,0,0,1
1264707984472620000,0,0,1
1266200551496260000,1,3,1
1266258209569810000,1,3,1
1264744330889240000,0,0,1
1011715154722140000,1,3,0
1079070381640730000,1,3,2
1467979235943920000,1,3,3
226310002,1,3,1
1264779010904480000,1,3,1
1269669380490640000,1,3,1
1143260427977130000,1,3,1
1264737595453390000,1,1,1
1264707770152030000,0,0,1
1264768263763910000,0,0,1
1264707888007830000,0,0,1
1264716476734240000,1,2,1
1264712827098390000,0,0,1
1165544985363680000,0,0,1
1069667220006060000,1,3,0
1262224288314270000,1,3,2
1467971730266220000,0,0,3
29196152,1,3,1
1266101978196810000,1,2,1
1264811321586960000,0,0,1
1267165618551180000,1,3,1
1264718791927250000,1,3,1
1264708016689030000,0,0,1
1264778362343390000,0,0,1
1143363596950350000,0,0,1
1264707814993390000,0,0,1
1267775448018110000,1,3,1
1264809739877220000,0,0,1
1064385225701100000,1,2,1
1066812968502010000,0,0,0
1467968047520480000,1,3,3
3384732022,1,3,2
1264737881173760000,1,1,1
1264708137069700000,0,0,1
1265704869849110000,1,1,1
1264807197151620000,1,2,1
1264707814343280000,0,0,1
1264720830962950000,1,3,1
1269132555846020000,1,3,1
1265331773371750000,1,2,1
1267454688749910000,1,3,1
1264807522260650000,0,0,1
1040689181285070000,0,0,0
1098674016431280000,1,2,1
1262619015240770000,1,3,2
1467273452335850000,1,2,3
1096539998915030000,1,3,0
1467967566052220000,1,2,3
2824906574,1,1,2
3317950398,1,3,1
1264708095953060000,0,0,1
1264708034187530000,0,0,1
1264707902369080000,1,3,1
1267883071354870000,1,2,1
1264771800426310000,0,0,1
1264708121630400000,0,0,1
1264919186033310000,1,2,1
1265219571830660000,1,3,1
1264708113954920000,0,0,1
1264707765693540000,0,0,1
1137255875041720000,1,2,0
127440833,1,3,2
1467967370748730000,1,3,3
343062092,1,3,1
1264708055960300000,0,0,1
1264772268992780000,1,3,1
1264795105497510000,1,3,1
1266068519730400000,1,3,1
1264763424745090000,0,0,1
1268933615053920000,1,3,1
1265164833739060000,1,3,1
1269650563899270000,1,3,1
1266349388340710000,1,2,1
1264738963757000000,1,1,1
1095338412511350000,1,3,0
1467964893730990000,1,3,3
71525923,1,1,1
738486583725304000,1,3,2
1268886349681240000,1,3,1
1265668855675760000,1,3,1
1264730185867400000,1,3,1
1266561659826560000,1,3,1
1264708005200880000,0,0,1
1264764450197900000,1,3,1
1264708126428680000,0,0,1
1143636610141100000,1,2,1
1264785429984940000,0,0,1
1264707909738420000,0,0,1
1113441389390460000,1,2,0
1141470931052890000,1,3,2
117258076,1,3,1
1252518122743090000,1,3,3
1264707871289350000,1,2,1
1264778849956610000,0,0,1
1267700458988190000,1,3,1
1143715011828880000,1,3,1
1264957889493450000,1,2,1
1143725979719850000,1,3,1
1143744126703160000,1,3,1
1267129373620030000,1,3,1
1266162453848550000,1,3,1
1264707909704870000,0,0,1
1005520996143630000,0,0,0
1172666868689030000,1,3,2
1467964042488640000,1,3,3
350072840,1,3,1
1268970418930570000,1,2,1
1268881578563880000,1,3,1
1264707760639220000,1,3,1
1266932197094640000,1,1,1
1264708097433630000,1,3,1
1264727172574400000,1,3,1
1143797135240010000,1,3,1
1264707881837950000,0,0,1
1265885621228190000,1,3,1
1266009739697140000,1,3,1
1120294616375400000,0,0,0
1258028879597290000,1,3,2
1467963695250630000,1,3,3
173144222,0,0,1
1264750784102580000,0,0,1
1264737845765360000,0,0,1
1267869944990930000,1,3,1
1143849115899630000,1,3,1
1264707782168590000,0,0,1
1143851059653280000,1,3,1
1264707809922480000,0,0,1
1264711906524300000,1,2,1
1268690984570950000,1,3,1
1264708064399220000,0,0,1
1467958739751910000,0,0,3
3988215141,1,2,1
52019893,0,0,2
910930050974875000,1,1,0
1264707784383340000,0,0,1
1143871988160570000,1,3,1
1266160813942980000,1,3,1
1266360189361480000,1,3,1
1264711213918880000,0,0,1
1264711477195410000,1,2,1
1264789281329090000,0,0,1
1264758064512500000,1,1,1
1264790542497560000,1,3,1
452469174,0,0,1
1467955655223000000,1,3,3
1088578200995870000,1,3,0
4026506476,0,0,1
72552866,1,3,2
3312985380,1,3,1
1239742479743820000,0,0,1
3185076093,0,0,1
859145770288779000,0,0,1
509000411,1,3,1
2743810270,1,2,1
3823927978,0,0,1
226310002,1,2,1
1210645969194420000,1,2,1
2296880117,1,3,1
1006054070077950000,1,3,1
1067481291954750000,0,0,0
1467955226799850000,0,0,3
709926102773272000,1,1,2
3054662090,1,3,1
1247928200832960000,1,2,1
1564562316,0,0,1
822513589,1,3,1
1112110112695400000,0,0,1
3619493054,0,0,1
4459701,0,0,1
1274190469,1,3,1
43559791,1,3,1
473943335,1,3,1
1146444942,1,3,2
1260365319127680000,1,2,1
1467946039940230000,1,3,3
960337464513752000,1,1,0
998950002327203000,1,3,1
1197670903833710000,1,1,1
1258830396470560000,1,3,1
414946220,0,0,1
1144069026198510000,1,1,1
2729121990,1,3,1
1247781755886500000,1,3,1
27922157,1,2,1
1144072540790360000,0,0,1
216011343,1,1,1