tweet_ID,conspiracy_or_not,stance_towards_conspiracy,topic
1011969776581656576,0,0,0
1267593865072193538,1,3,1
1468092792379428867,1,2,3
1103419865493356546,1,3,2
926988711048503296,0,0,2
1106695390030495744,1,3,0
1467273405955194881,0,0,3
904024338432540672,1,2,1
1025013429319491585,1,3,0
960312806498123777,1,3,2
1467945963901763587,1,3,3
906884278759383041,0,0,1
1144075898938937345,1,3,1
1264707939685859328,0,0,1
1264708068488724480,0,0,1
1144082616452177920,0,0,1
1266785981245665280,0,0,1
1264793966467153921,1,2,1
1026571134161092608,0,0,1
907687474683621376,1,3,1
902123133414637568,1,2,1
1264791428544241664,1,3,1
931341465904656384,1,3,1
1467936307112468492,1,2,3
1004876598863187969,1,3,2
913044832930512903,1,2,0
1264707806814334976,0,0,1
1264759351555895297,0,0,1
1264752031467810816,1,3,1
1015204321091342336,1,1,1
1153999079170596864,0,0,0
1267605622121521152,1,2,2
1467925968949968902,0,0,3
1031620457584320513,1,3,0
1252519867305033730,1,2,3
901894878434660353,0,0,1
905433018575323136,1,3,2
1467921271090462720,1,3,3
901643590883053570,1,3,2
1015027831083069440,1,1,1
969308134341840899,0,0,0
1467914489542684674,1,2,3
947457488282161152,1,3,1
906968245428568064,1,2,2
923665769984126977,1,2,0
1052426893243404291,1,1,0
1467913887941021699,1,3,3
940452353475534848,1,3,1
905661618578571264,1,3,2
1467911572865622018,1,3,3
933754330271899648,0,0,2
938388517348093952,1,3,1
947445697497923589,1,2,0
1121096391022055424,1,3,0
1264748037613727744,0,0,2
1467907339567173636,0,0,3
1264753219596673026,1,3,1
1091303858935074816,1,3,0
1467904923895435265,1,3,3
938021148645871616,1,3,2
914962576651538432,1,3,1
1264708106795261952,1,2,2
1053053914344554497,0,0,1
1466946454577156098,1,2,3
977681222167027712,1,2,0
1141908142130728960,1,1,0
1467904289213321219,0,0,3
1068526260786102273,1,3,1
923903847696826368,0,0,2
1108364277528842242,1,3,0
1467902317424832515,0,0,3
1011358226955137024,0,0,1
1023000935453339659,0,0,2
1050904642454994944,1,3,0
1467899459354836995,0,0,3
1264738593370591232,0,0,1
928501614255792128,1,1,2
1038216868052389893,1,3,0
1266099723141873666,1,1,2
1467898413685649413,1,3,3
912693158110158848,1,3,1
1264707763772555265,0,0,1
1264783976780066818,1,1,2
1467898296358387717,1,3,3
959132193674223616,1,3,0
1112838073681829888,0,0,0
1467897055523659779,1,3,3
972222601849393152,1,3,1
905111516138967040,1,3,2
1046242217415921664,1,3,0
1264797880558198784,1,3,2
1467888623915880453,1,2,3
1264733762962829317,1,2,1
1098309697839472640,1,2,0
1267831191144673281,0,0,2
1467883205147643909,1,3,3
904294798688964608,1,3,1
1264707779195002886,1,3,2
1264722881474252801,1,3,1
1131309934560391169,0,0,0
1467879342046859264,1,3,3
1048919545468112902,1,1,0
1252523419792531456,1,3,3
1121589251030814721,1,3,2
1026493293306306562,0,0,1
1051239500427522048,1,1,0
1466789314495492100,1,3,3
909807626132819968,0,0,1
1264707939975270400,1,3,2
1019998112406962176,1,1,0
1467870958203637765,0,0,3
933510799842308096,0,0,2
913052861180841985,1,3,1
1010340363373031424,0,0,2
1055172147126112256,1,2,0
1467864722280173574,1,3,3
1092981611426127877,0,0,1
1083616473388601345,1,3,0
1264707784505012227,1,3,1
1467849898494152711,1,3,3
906490627864621056,0,0,2
910657812811759616,1,3,1
1143407458674597889,1,1,0
1252527844661448704,1,3,3
1264771991673823232,0,0,2
1264783472629092352,0,0,2
1467837927376015361,1,3,3
1266777649738690561,0,0,1
965882626941837313,1,3,0
1033789959436689408,1,2,0
1467831344227041285,1,2,3
1264761745710747648,1,3,1
905230948605800448,1,3,2
1050819615918628865,0,0,0
1264752657450897408,0,0,1
1467815113579237377,1,3,3
1264708000503099392,0,0,2
1467814217680101376,1,2,3
1162321992328122369,1,1,1
902593559735541764,0,0,2
907778448885563393,1,3,0
1018317881795403776,1,3,0
1268953389683167242,0,0,2
1467806009477328898,1,3,3
924001244888354816,1,3,1
1088935437303857152,1,3,0
1269083265261948928,1,1,2
1467737538081312779,1,2,3
905206469284462592,1,3,1
1019257324962222081,1,3,0
1269669407934099457,1,3,1
1466600698859044869,1,3,3
939821962301501441,1,3,2
1117051911088300033,1,1,0
1264707888276176900,0,0,1
1467737428001796098,1,2,3
907624013979049984,1,3,2
1069641783196467201,1,2,0
1252529380506701824,1,2,3
1264712207591333888,1,3,2
923673527256981506,1,1,1
1059908701627338752,1,2,0
936578633132634113,0,0,2
1467715523756826624,1,3,3
1264744554458046464,1,3,1
1027942789059960832,1,1,0
1265751518390767617,1,2,1
1467712199481184258,1,2,3
954373931493806080,1,3,2
1097485547793199105,1,1,0
1467711775676276739,1,2,3
1031584404425060353,0,0,1
1264715136234860545,0,0,2
1057657575276187649,0,0,0
1467699721443545089,1,3,3
959526429892468736,1,3,1
897019504282095616,0,0,2
1067223082161577985,1,1,0
1264761629574561792,0,0,2
1252531913153081349,1,3,3
905225567124971520,1,2,1
1467656077458116609,1,3,3
929252287905705984,0,0,2
1150137291639336960,1,3,1
942145519853428736,0,0,0
1093985677094531072,0,0,0
1467641092858421252,1,3,3
1268697049182109696,0,0,2
1264779507510067200,1,2,1
1096703115049553920,0,0,0
1264773128770785281,0,0,1
1467641076261564422,1,3,3
902786621312966656,0,0,2
1096083279898443782,1,1,0
1252483461413081091,1,2,3
905515233422270465,1,3,1
922661460966301696,1,2,2
1106308404530814976,1,3,0
1467636106879389700,1,3,3
903229067255787520,1,3,2
1266461335396782086,1,1,1
1044472862982246400,1,3,0
1467631663995756566,0,0,3
1105465215334920192,0,0,2
905202019455066112,0,0,1
1052181569266507777,1,1,0
1264761599258005511,1,2,2
1467624299846586368,1,3,3
970381154653233152,1,2,1
1115554506421538816,1,2,0
1265001759715573761,1,2,1
1264794477916495872,0,0,2
1467619568801697806,1,2,3
1467615846834925570,1,2,3
1026018212297596928,1,2,2
933429722117271553,1,3,1
935051304795287552,1,3,0
1267180945284780032,0,0,2
1264875667621122049,1,3,1
1467615841675931648,1,3,3
939412033249755137,1,3,0
1267554206350704644,1,3,1
1467614921223401475,1,3,3
904273797351477249,0,0,2
906993421209919489,1,3,0
1113862477455007744,0,0,0
1252538145821859840,1,3,3
903447846833319937,1,1,1
1268181074686783488,1,3,2
1265001656673959937,1,2,1
1467614647301799939,1,3,3
1264747432467890176,0,0,2
965157862250106880,1,2,0
1052325122349170690,0,0,0
1268938529272475650,0,0,2
1467613180713074689,1,3,3
1264707969238908929,1,3,1
1008401944082149376,1,2,0
1264745384489910273,0,0,1
1267916654601809920,1,2,2
1466444602878177287,1,2,3
1109531747228811266,1,2,0
1467598731302342658,1,3,3
1264729277574139904,1,3,2
1264715201200435202,1,3,1
1467579661869801474,1,2,3
1109233280384188417,0,0,2
911723933027717120,1,3,1
938352114429984768,1,1,0
1061258158960754688,1,3,0
1467571235789979670,1,2,3
901984454771650561,1,2,1
934338789941698560,1,3,2
1012964977253277697,1,2,0
1264708028030316545,0,0,1
1264781511867469825,0,0,2
1467564225060958211,1,2,3
1264794319426379777,1,1,2
1095087099538300928,1,3,0
1252541677849509888,1,3,3
906714724204761099,1,2,1
902311659451985921,1,2,1
1252745517601181696,1,2,3
931609251281215488,1,3,2
920979520991227911,1,2,0
1264740724647489536,1,2,1
1096148432669020160,1,2,0
1009110127130103809,0,0,2
1252542161024962560,1,2,3
1252542211490807808,0,0,3
923968564721156096,0,0,1
1268181074686783488,1,3,2
976688307898896384,1,3,0
1074345172123541504,0,0,0
1264707954432978944,1,1,2
1264707774329520134,0,0,1
1252542950015451137,1,2,3
1022233723977097216,1,1,0
1252543554238377984,1,3,3
1264725521948082178,0,0,2
907903450947530752,1,3,1
1049988677793931264,1,1,0
1466444217878827012,1,2,3
963159194894503937,1,1,1
1009600276360318978,1,2,2
1027434718801940482,1,2,0
1264707812107657222,0,0,1
1467510280502525955,1,2,3
1264707865371201536,1,3,2
1069431266364350464,1,2,0
1467506128523337732,1,3,3
906483084517818369,1,3,1
1264802777261379584,1,3,2
1033657809504628736,1,1,0
1467499148396093443,1,3,3
921750072953528320,0,0,2
901866679319142400,1,3,1
1265721318441463810,0,0,2
1467495711235313673,1,3,3
971607388833841152,1,3,1
913569257014755328,1,2,0
1033761178059780097,1,3,0
1467473653944229901,1,3,3
901421985103851520,1,3,2
1264707800946655232,1,2,1
1046199017649176577,1,2,0
1467454332656394244,1,2,3
901572838695587840,1,3,1
1264798629283364864,1,1,2
1264799441774575616,0,0,2
1467439824986591234,1,3,3
923968564721156096,1,2,1
973702440808665088,0,0,0
1265629677001023488,1,3,2
911017285237788672,1,3,1
1132841829148217344,1,3,0
1467428977069342727,1,3,3
1268203087149387776,0,0,2
961280494968045569,0,0,1
1467416306051915777,1,3,3
912920836876759041,1,1,0
1134248523053043712,1,3,0
1467394923569758208,1,3,3
906103028394192896,0,0,2
1267885064450383877,0,0,1
1134472186754936832,1,2,0
1466261573983510529,0,0,3
1086984003100528641,1,3,2
1025056480129634306,1,3,1
1252549207338004480,1,3,3
1264766351341576192,1,1,1
1050252383316393985,1,1,0
1266781679701512192,1,3,2
981510022369722369,0,0,2
1061483237774684162,0,0,0
1264707821410623501,1,3,1
1467346571612377090,1,2,3
1144371398573355009,1,3,0
1252549560351817728,1,2,3
1063912314066350080,1,3,1
1029132544606797824,0,0,2
1071389298979676160,1,1,0
1252550150205079552,1,2,3
1054205761373569029,1,2,2
905769537521553408,1,3,1
1066806291425869824,1,3,0
1467333471190360064,1,3,3
902531451136204800,1,1,2
1264707804851507200,1,3,1
1467332132829683716,1,3,3
1017563429614313472,1,2,1
911009816503554048,1,1,2
964145360066285568,1,2,0
1016402078476972044,1,3,0
1252551522594021387,1,2,3
1264708108233867265,1,3,2
909170961139863553,0,0,1
1266648113613279232,0,0,2
1467322036649598976,1,2,3
1148270579038007296,1,3,1
916791155991433217,1,1,0
1467321868193603585,1,3,3
904075066341773312,1,1,1
1265927340221247489,1,3,2
947015234656464896,1,3,0
1034278534318108674,1,3,0
1264760214097727492,0,0,1
1467313581309915136,0,0,3
972832729174720513,0,0,2
1119192544640946176,0,0,0
1269720484901531656,1,2,2
1466202333877096448,0,0,3
902355903730606081,1,3,1
1252552529780637696,1,3,3
1124252528705716224,1,1,2
1264778569479266304,1,1,1
977535633647431681,1,1,0
1268232541925806080,0,0,2
1058264774838874114,1,1,0
1467290093387976704,1,3,3
959071381618077696,1,3,1
1120006833932890113,1,1,0
1467278074349764617,1,2,3
924487434154467328,0,0,2
1264714200280117248,0,0,1
1086799098190000129,0,0,0
1467270322671996930,1,2,3
1020361766688215040,0,0,1
1264803941302390785,0,0,2
1264798619288383488,1,3,1
1264707774832934913,0,0,2
1467266114061316099,1,3,3
920626756784132098,1,3,0
1023668212607512577,1,2,0
1265255837292875776,0,0,1
1467259436288798720,1,3,3
1264800299417567232,1,3,2
1135864797696626689,0,0,0
1265728644854546432,0,0,1
981285586181898240,1,3,2
1467256042102747136,1,3,3
1037114162877485056,1,1,0
1467232120003186688,1,2,3
1264723143115059202,0,0,2
1268181074686783488,0,0,1
1467232092941471746,1,2,3
1009702422195982336,0,0,2
906654396884365312,1,3,1
942794359698870273,1,3,0
1264735532334055426,0,0,2
1119145239090827264,0,0,0
1467226875139342343,1,2,3
1268560072478687232,1,3,1
1076087342480351232,1,3,1
1117671042783137793,1,1,0
1466179732253429768,0,0,3
916322947593265152,0,0,2
1073488774900924416,1,1,0
906911283987075073,1,1,1
1467226701113536512,1,3,3
913106212241248257,1,1,2
1083654595744677888,1,2,0
1467223821287624706,1,3,3
904021515968159745,1,3,1
1000795869652779008,1,3,2
1467209931178668032,1,2,3
1268181074686783488,1,3,2
1264708100721971200,0,0,1
973997161397530629,0,0,0
1003354894831706112,1,3,0
1467205549414510597,1,3,3
924464885374816256,1,3,2
945002923095814144,1,3,1
1252559108991000576,1,3,3
1093270769482657794,0,0,0
910172025058193408,0,0,1
923803273894690816,1,1,2
1252462008856870913,1,1,2
1467188130109345798,0,0,3
910592165314736128,1,3,1
976720377555517441,1,1,0
1004646576365670400,1,3,0
1252462279120924677,1,3,2
1467186954768994309,1,2,3
976460850524454912,1,2,1
1094547725771784192,1,3,0
1252462875269976069,1,3,2
1467180460476444678,1,3,3
905230078564417536,1,2,1
1067621093127516160,1,3,0
1252462884573102081,0,0,2
1252560862642147330,1,3,3
1264707894693388288,0,0,1
1264711053247754242,0,0,1
1132832419135021056,0,0,0
1252464508510957568,0,0,2
1467172721016647689,1,2,3
1060232445843333120,0,0,0
1264746663027126272,1,3,1
1468064373113593856,1,3,3
901810092210827264,1,3,2
1013454204839518208,0,0,0
1252484891519922176,0,0,3
1266761334353510400,0,0,2
1266761407430787073,1,2,1
1014893202497785856,0,0,0
1252465636409778176,1,3,2
1467172514694639617,1,2,3
1268181074686783488,1,3,1
1116963056326717440,1,1,0
1252466433155612672,0,0,2
1467172096849629188,1,2,3
907340227563229184,1,1,1
1252468861217185792,1,3,2
1467148763261136896,1,2,3
1264708086855618561,1,2,1
927348234464378880,1,2,0
1264707894680879104,1,3,1
1252469096211525632,1,1,2
1252563458937229312,1,3,3
939107432525107200,0,0,0
1268998514396352515,1,3,1
1105037371144327168,1,3,0
1252469376273592325,1,3,2
1252563615028256768,1,3,3
1252469589675573250,0,0,2
1467143076183486468,1,2,3
906996088174936065,1,3,1
969963144113262593,1,3,0
1264707866197295104,1,3,1
1252470015648989184,1,1,2
1467139837971021824,1,2,3
927594548544630784,1,1,0
1265209512560033793,0,0,1
1066796582878830602,0,0,0
1252470188219535360,1,1,2
1252564168282124289,1,2,3
1124579926835855360,1,1,0
1252470455136661505,1,3,2
1467137761878716420,0,0,3
904655763355742209,1,2,1
1104126355375964160,0,0,0
1252470500250419200,1,3,2
1467114951684734980,1,3,3
903986697435619330,1,1,1
1466160571749916672,0,0,3
903369053871505409,1,1,2
1264773748454051840,1,1,1
978052772900646912,0,0,0
1066376704325836800,1,3,0
1252470643574149126,1,3,2
1252566537115926529,1,3,3
1267722709049507841,0,0,1
1252471110265827335,0,0,2
1467085189927088130,1,2,3
1264734966887280641,0,0,1
906150087306469376,1,3,0
970856164610129920,0,0,1
1252471386343378949,0,0,2
1467035779876614147,1,3,3
902845387324743680,1,1,0
1061144701456261121,1,3,0
1252472363393802241,1,3,2
1467011769264713729,1,3,3
1268381834913562624,1,3,1
1252472673046798336,0,0,2
1252570078287183874,1,3,3
931791129481306112,1,3,1
972797905294721026,1,3,0
1030201406144348160,1,3,0
1268654494650376192,0,0,1
1252472849136267266,1,1,2
1466999948637921284,1,3,3
1063157903199293441,1,3,0
1252473349294321664,1,3,2
1252572447490146306,1,3,3
1264751565153292293,1,2,1
901421985103851520,1,3,3
1098212767574577153,0,0,0
1252473373591994369,1,3,2
1264753593262895104,1,3,1
1128505693663834112,0,0,0
1252473805928366080,1,2,2
1265543447806689282,0,0,1
1466996573456326658,1,3,3
1252474058140266499,1,2,2
1466994285975416834,1,3,3
1004183356282671110,0,0,1
963287773384814592,1,1,0
1269004683714101250,1,1,2
1466159689134227462,0,0,3
972832729174720513,1,2,1
949387502720188416,1,2,0
1052441608958955521,0,0,0
1252474143615975426,1,2,2
1466992864131379200,1,3,3
920110363470856192,1,3,1
1059600737427226629,1,3,0
1252474145725652992,1,3,2
1264725188832264193,0,0,1
1466985172864282630,1,3,3
1252474188599877632,1,3,2
1466984050946682881,1,2,3
905283851534073858,1,2,1
999588207565078528,1,1,0
1004203727413235715,0,0,0
1264724913673302016,1,3,1
1252474291230322694,1,3,2
1252572875019685892,1,2,3
1264707820856852485,0,0,1
1252474321186021376,1,3,2
1466961330976419840,0,0,3
957948430504136704,1,3,0
1065812946327093248,1,2,0
1252474381613268992,0,0,2
1252574800360374273,0,0,3
1073033547567382528,1,1,1
1252474393697103872,1,2,2
1466956038448500742,1,2,3
1264802256190418945,1,1,1
906188319737995264,1,2,0
1066063774753292288,1,2,0
1252474979779620864,1,3,2
1466951147479080960,1,3,3
1264750598039142400,0,0,1
1107384624936673280,0,0,0
1252475069709774848,0,0,2
1252576730314764288,1,3,3
970269012977471489,0,0,1
1116328196205494277,1,3,0
1252475857375047681,1,2,2
1266530764168015882,1,3,1
1466939773650718723,1,2,3
1264962828282130432,1,3,1
1268203087149387776,1,3,2
1466158948604645377,0,0,3
969409466054729728,0,0,0
1252577158394007553,1,2,3
1018523594870218752,1,3,0
1264716986426294272,1,1,1
1252476145934544896,0,0,2
1026939249227128832,1,1,0
1252533148266696705,0,0,2
1466909514884648961,1,3,3
902647262446309376,0,0,1
1121172461771313152,0,0,0
1252477036217720833,1,3,2
1466907247125086215,1,3,3
1010314735731007489,0,0,1
1252479045541007360,0,0,2
1008698964974231555,0,0,0
1252577836688453632,1,2,3
1264708056362790912,0,0,1
1065940486421131264,1,2,0
1252479250831044610,1,3,2
1466890755599970304,1,3,3
904152250867691521,0,0,1
1252480019961647104,1,3,2
1466861805548892164,1,3,3
1264765604759654400,1,3,1
948423351281754112,1,1,0
1005920356551577600,1,3,0
1252480106150481921,1,3,2
1466851480418279433,1,2,3
947036606283878401,0,0,1
1141802183081562115,1,1,0
1252480203072385026,0,0,2
1466850850551304204,1,2,3
1267782742135234561,1,2,1
1105039466144714752,1,1,0
1252480517599113218,1,3,2
1466845690332651527,1,3,3
976826834363928576,1,3,1
1252481716234543105,0,0,2
1466843647920549889,1,2,3
906284373691047936,1,3,1
947424193389498368,1,3,0
1103227261946290176,1,3,0
904988526831443970,1,1,1
1466158921521975299,0,0,3
925865685556883458,1,2,2
1072691310400724992,1,2,0
1252483461073506304,1,3,2
1466834445978247181,1,2,3
1051203055344119808,1,3,1
1066636533892087808,1,2,0
1252483461073506304,1,3,2
1466829570057949193,1,3,3
907532858247454720,1,1,1
1042684638479765504,1,1,0
1252483461413081091,0,0,2
1466827691945086986,1,3,3
1072531466859544577,0,0,1
1105990923240919040,1,3,0
1264707836052934666,0,0,1
1252483835524255745,1,3,2
1466827691945086986,1,2,3
1037091696297893888,1,3,0
958124892490117120,1,3,1
1252483972094783499,0,0,2
1252582732359708679,1,2,3
1264803411691700224,1,3,1
1252484217075838978,0,0,2
1466814274731397125,1,3,3
955732997315203072,1,3,0
1035944118747385856,1,3,0
1252484619670355970,1,1,2
1466810894239731718,1,3,3
1268085240800718855,1,3,1
1083770874623418370,1,3,0
1265444013668290566,0,0,1
1252484765825015808,0,0,2
1466810070147158021,1,3,3
1100130002690105344,1,3,0
1252484891519922176,1,2,2
1466808344719597574,1,3,3
1265988643182776320,1,3,1
1098858623181021184,1,1,0
1264983008098103296,1,3,1
1252507545509527554,1,2,2
1466807192892456968,1,3,3
1252486765597863942,0,0,3
912631606308888577,1,3,1
1067416772352053248,0,0,2
959274796331696134,1,2,0
1071142102329769985,1,3,0
1252486006969950210,0,0,2
1468092792379428867,1,3,3
905212691106586624,0,0,1
1057386459097894912,1,2,0
1252486557535293440,0,0,2
1466797336475025409,1,2,3
908702195767549952,0,0,1
1023683320230465536,1,3,0
1264707777747804161,1,2,1
1252553415466647559,1,1,2
1467911767095394320,1,3,3
1059894962693779459,1,3,0
1252486765597863942,0,0,2
1466793200023126026,1,2,3
1264807420649304064,1,1,1
1268292083032502274,1,3,1
1252487100601184256,1,3,2
1467899994871058433,1,2,3
938740653894254592,1,2,0
1017465335522496512,0,0,0
1268870223131787266,1,3,1
1252488029840818177,1,3,2
1466791391325872132,1,3,3
1264708010041098240,1,3,1
1252488120928526340,0,0,2
1466788917378785288,1,3,3
940280975531134976,1,2,0
1017166643955490816,1,2,0
1252488217418481666,0,0,2
1467606359931826177,1,3,3
906508914782384128,1,3,1
1252488222770249728,1,3,2
1466785192962580486,1,2,3
928304128631205888,1,3,1
929032612638838785,1,3,0
1101281855976828928,1,2,0
1268981044067401728,1,3,1
1252489157110386688,1,3,2
1467273405955194881,1,2,3
1106796325360861184,1,2,0
1466160571749916672,0,0,3
1264768454239965185,0,0,2
1067254358297989121,1,1,1
1097426624239333376,0,0,0
1268203087149387776,1,3,1
1252490334971613184,1,3,2
1466784120361598983,1,2,3
1057105756149805058,1,3,0
1252491193323122694,0,0,2
1466779177638580226,1,2,3
906323324430467072,1,3,1
1105142820510318592,1,1,0
1252492109812240384,1,1,2
1466771166215999492,1,3,3
941205607033470976,1,3,1
1100168182722150401,0,0,0
1252493532826304518,0,0,2
1466450360822906882,1,3,3
929981707482255360,0,0,1
1004795474392633345,1,2,0
1252494069424668672,0,0,2
1466768693770305540,1,2,3
1264707991288381456,1,1,1
1252494337788620801,0,0,2
1466444217878827012,1,3,3
925941328030109696,1,3,1
939594423297544195,1,1,0
1466760745107009542,1,2,3
1252494440964542464,1,3,2
1265054487481208832,0,0,1
919644595901947905,1,1,0
1135866272799952896,1,1,0
1264717120404959235,1,3,1
1252494521641943045,0,0,2
1466755024638390283,1,3,3
1111971759371243521,1,2,0
1252495121750294535,1,3,2
1466179732253429768,1,3,3
901798655249788928,1,2,1
1067509246034628608,1,3,0
1252495158832173061,0,0,2
1466177405861703681,1,3,3
955820021736984576,1,2,1
1466159689134227462,1,3,3
974112364684566528,0,0,1
917411628085383168,1,2,2
978472101840543744,1,2,0
1141400659096494080,0,0,0
1252495180206407681,0,0,2
1466687035503038467,1,3,3
902885444894941184,0,0,1
1120844013815332867,1,2,0
1252495554619117568,1,2,2
1466159689134227462,1,2,3
901421985103851520,0,0,1
1252495583467667456,0,0,2
1466158948604645377,1,3,3
1264720686754529285,1,3,1
955535464894623744,1,2,0
1466609850671005699,1,2,3
1124394711719055361,0,0,0
1252495730557755392,0,0,2
910363222317965312,1,3,1
1252496053959634944,1,3,2
1466156926216060935,1,3,3
901488280859889664,1,1,1
905380851017449472,1,3,0
1075305914389983232,1,2,0
1252556156180054017,1,2,2
1466155852151328769,1,2,3
926153267599507456,1,3,1
1090309112364236800,1,1,0
1252496844472692737,0,0,2
1466588109689081856,1,2,3
1130902928603144192,1,3,1
1105186645781839873,1,2,0
1264707906324385794,1,3,1
1252497268558757889,0,0,2
1466151736767234052,1,3,3
1041882093490458625,1,2,0
1252497575216844800,1,1,2
1466135730607075328,1,2,3
926604050325368832,1,1,1
1092427303521525765,1,3,0
1252498904622362624,1,2,2
1269102902309683200,1,3,1
1466134701404471299,1,2,3
1264733262624124928,1,3,2
1466158948604645377,0,0,3
905937763199057924,1,3,1
947131259653943301,1,3,0
1252499207778254848,0,0,2
1466563572842958850,1,2,3
923815403402420224,1,1,1
976132479588413440,0,0,0
1264742149272133634,1,1,1
1109901931693129728,1,3,0
1252501032103337984,1,3,2
1466116305593896960,1,2,3
1042529416872714240,1,3,0
1252501219551186946,0,0,2
1466560086227271684,1,3,3
902608883390263296,0,0,1
1060710818986127360,1,3,0
1264719036493058051,0,0,1
1252502016926064641,0,0,2
1466109106226446336,1,3,3
1011194742242140161,1,1,0
1264758987645349888,1,3,1
1252502826783252480,0,0,2
1466077778395254791,1,3,3
1014082137186885632,1,3,0
1252503137241497600,1,3,2
1465859505347080192,1,3,3
907742258673336320,1,3,1
1067534134283837440,1,3,0
1252503787631259649,0,0,2
1466051188995117059,1,2,3
1032466218299600897,0,0,1
1099507229265260544,1,1,0
1252507076179484673,0,0,2
1466050049763389448,1,3,3
931130357289816064,0,0,1
1090686363555545089,1,2,0
1252504571831861248,1,3,2
1466047537136259072,1,2,3
905226285768622080,1,3,1
1031589836241555458,1,3,0
1252505473804308480,1,1,2
1466541808477896706,1,2,3
1264714895859134464,1,3,1
1058399299103588354,0,0,0
1264707965031940097,1,2,2
1466158921521975299,1,2,3
1009949823779377157,1,2,1
1036108919385546752,0,0,0
1252505737315659777,0,0,2
1466536038067695616,1,2,3
904382864988545024,1,2,1
1061122107805884417,1,3,0
1252505737315659777,0,0,2
1466534855802441729,1,3,3
1074918812942626817,1,3,1
1268840709395812356,1,3,1
1252505737441443841,0,0,2
1466532676727410693,1,3,3
923665769984126977,1,2,0
1066766406610575360,0,0,0
1252510606583791616,1,1,2
1466532676727410693,1,3,3
854953826109075457,0,0,1
1064181605231677441,1,1,0
1252505870254125056,1,2,2
1466531043868131335,1,3,3
927966532612829186,1,1,1
1138990441846706176,1,3,0
1252506291278413824,0,0,2
1465844559531937795,1,3,3
1264749866443517952,1,2,1
1252506881505009665,1,3,2
1121094159987822592,1,1,0
1264733446410125312,1,3,1
1465842621314736130,1,2,3
1040318854864560135,1,3,0
1264807762174722048,1,3,1
1252508274366300160,1,3,2
1465840872667426816,1,3,3
1034374711252275200,0,0,0
1264707805933719552,1,3,1
1252538628669968384,1,2,2
1469385213285339136,1,3,3
1252553834657976321,1,3,2
1469381574881857539,0,0,3
903310340296867840,1,1,1
918173528888786944,1,3,0
1046914310272966658,1,3,0
1264707937638813696,0,0,2
1268921500071010304,0,0,1
1468064373113593856,1,2,3
1124113180832292864,1,2,0
1264754606199828480,1,2,2
1252488222770249728,0,0,3
905215378694868992,0,0,1
1082760263911260165,1,1,0
1252510577462849541,1,3,2
1469376514013773834,1,3,3
1018562513003270146,1,1,1
1106691546047569921,1,2,0
1252511377966501889,0,0,2
1469363784116436996,1,2,3
903037456412442625,1,3,1
1036803308835557376,1,3,0
1252511404587839488,0,0,2
1469356963922337804,0,0,3
905309334065750017,1,3,1
1036803308835557376,1,3,0
1252511478881476615,0,0,2
1469355210585821184,1,3,3
1264707886157946880,1,3,1
1059877754596941825,1,3,0
1264754606199828480,1,2,1
1252511504064081920,1,3,2
1469356049874444303,1,3,3
1107361166899068929,1,3,0
1252511969984147456,0,0,2
1469355210585821184,1,3,3
898519783762784256,1,2,1
1100134617313611778,1,3,0
1268836710340755456,0,0,1
1252511970286329856,0,0,2
1469347321708265478,1,3,3
1089607090178584577,1,2,0
1252512586169548802,1,3,2
1268280649082982402,1,2,1
1469341916835819520,1,2,3
1117494100301897729,1,3,0
1252512778994298881,0,0,2
1469338126418128909,1,3,3
946893777825759232,1,3,1
1116431995666612225,1,2,0
1252514751441182722,0,0,2
1469332455370854409,1,2,3
1264707862745485321,1,3,1
1002543821895454720,1,3,0
904773139481186309,1,2,2
1466134442125271045,0,0,3
905267166609641475,1,3,1
1065527346072043520,1,3,0
1252514751441182722,0,0,2
1469330900152430600,1,2,3
902578089112326144,1,2,1
1252514848426143744,1,2,2
1469318962345357312,1,2,3
1032682039705825280,1,3,1
924991538060554251,1,3,0
1004968788486311936,1,2,0
1264710198977081345,0,0,1
1252540827273814016,0,0,2
1469315495933485059,1,3,3
1252517249631453184,1,2,2
1469314270718566402,1,3,3
1268971573245083649,0,0,1
940270407436914688,1,2,0
1252517434382331904,1,1,2
1469280484152721412,0,0,3
904866264321011712,1,3,1
940304771034107907,0,0,0
1115251334075375616,1,3,0
1252482916426354689,1,3,2
1469280439055667201,1,2,3
958742023317741568,1,3,1
1132556041735036928,1,3,0
1144312389896200194,1,3,3
1252518122646654977,0,0,2
915663248606793728,0,0,1
1132612144128643073,1,3,0
1252518122743107591,0,0,2
1469242939729711107,1,3,3
1264794138014371850,1,3,1
1114236521153015809,1,3,0
1252518539325562881,1,3,2
1469227485405581315,1,2,3
909758065053806592,1,2,1
1111227772217774080,1,1,0
1252518822868901890,1,3,2
1469219547127300097,0,0,3
901814931217108992,1,3,1
1268209971449204739,1,3,2
1094171960718905345,1,3,0
1466116305593896960,1,1,3
1264707810073260033,1,2,1
1049488527443017729,1,2,0
1252519251807739904,1,1,2
1469212912422109186,1,2,3
903755776468152321,1,3,1
1110696019342360578,0,0,0
1252519478237200384,1,1,2
1024658671270326273,1,3,1
1469207611241373698,1,3,3
1038593018310414336,1,3,0
1265357415630897159,0,0,1
1252519514727682048,1,1,2
1469201957034205187,1,2,3
1252519607719669760,1,1,2
1469191432321785857,1,2,3
1011082598624481280,1,3,1
908990687877763073,1,1,0
1252519623834185728,0,0,2
1469188213528924163,1,2,3
1264788870597693440,1,3,1
945046684819525632,1,2,0
1033439653054033920,1,3,0
1252520056799612928,1,1,2
1469187777464270851,1,3,3
1094339476896260098,1,3,1
1045419436201693184,1,3,0
1252519838049845250,1,1,2
1469174906940133376,1,3,3
901465169087221760,1,3,1
1043993123532156928,1,3,0
961317551094616066,0,0,1
1252519867305033730,0,0,2
1469172904076013570,1,2,3
1067314227558309888,1,1,0
1252519926650343424,1,1,2
1469172090720817156,1,3,3
1264792301408116737,1,2,1
1067314227558309888,1,3,0
1144353551793238021,1,3,3
1252521897436291074,1,1,2
911410039713402882,1,3,1
1048251304307556352,1,3,0
1466109106226446336,1,3,3
903310340296867840,1,3,2
926931049598218240,1,3,1
1110694260284768256,1,2,0
1252520009752068096,1,1,2
1469164918796599298,1,3,3
920994860282404864,1,1,1
1038470190898597889,1,3,0
1252520081956974592,1,1,2
1469162174324953088,1,2,3
931609251281215488,0,0,1
1028067781982470145,1,3,0
1144358330598658048,0,0,3
1252520102244859904,0,0,2
1148270579038007296,1,3,1
1106195905584263168,1,3,0
1252617167297798144,1,1,2
1264788980899471365,1,3,1
1469155054561153028,1,3,3
1252521060462977026,1,1,2
1469151770144387078,1,3,3
1025056480129634306,1,1,1
958117595437137920,1,2,0
1252521718050160640,1,3,2
1469151667719393282,1,3,3
905614759273345024,1,3,1
925447307759423488,1,2,0
1252521915262042112,1,1,2
1469151444578275334,1,3,3
1268181074686783488,0,0,1
925447307759423488,1,3,0
1004768251807784961,1,2,0
1144367077358219264,1,3,3
1252522010682494977,0,0,2
1066705034379808768,1,3,1
1047468943563259905,1,3,0
1264803856120242176,1,3,1
1252522045306548225,1,1,2
1469139803383943169,1,2,3
1007816999588818946,0,0,0
1144368251515703297,1,2,3
1252522132468314112,0,0,2
1135183689380454401,0,0,1
1033684333545103360,1,3,0
1264719525452247041,1,3,2
1264707849520852994,1,3,1
1466109106226446336,1,3,3
1124466339723112449,1,1,0
1252522242665111552,0,0,2
1469134624395870212,0,0,3
933412617053396993,0,0,1
1252625119438086150,0,0,2
1469134593370595329,1,3,3
1269353436627136512,0,0,1
962360595365355520,0,0,0
1031786572042199040,1,2,0
1252523419792531456,1,3,2
1469127031485091849,1,3,3
1264707951215984641,1,3,1
1026936502532681729,1,1,0
1252523743055958021,1,2,2
1469126473399386115,1,2,3
836413404948606977,0,0,1
1252523840300818432,0,0,2
1469123517509685250,1,3,3
1268824568577261568,0,0,1
976810243081560064,1,2,0
1264707980458553344,0,0,1
1252527039283945472,1,1,2
1469123249657286657,1,2,3
976810243081560064,1,1,0
1264707962133716993,1,1,1
1252527844661448704,0,0,2
1469121821861679112,1,3,3
905872638337273857,1,1,0
1059902095543975937,1,2,0
1252527879168184321,0,0,2
1469118068135632897,1,3,3
904021515968159745,0,0,1
1123965890247188480,1,2,0
1252527891570704384,0,0,2
906286849383129088,0,0,1
1469117813356777478,1,3,3
1002986991716323329,1,3,0
1144429852138885120,1,2,3
1252528334614917120,0,0,2
966005110081052672,0,0,1
1114241272628285441,1,1,0
1252493532826304518,0,0,3
901421994381627392,1,3,2
923563418585653250,1,3,1
1050608209742815232,1,3,0
1252528591994322945,0,0,2
1469117641180606467,1,3,3
1264721493713391617,1,3,1
1252529380506701824,0,0,2
1469117373663760384,0,0,3
1025056480129634306,0,0,1
979102394528215041,1,1,0
1252530151910334465,1,3,2
1469114213691969549,0,0,3
901581090967736320,1,3,1
926604050325368832,1,1,0
1016470020698894336,1,3,0
1144431365917745163,0,0,3
1252608107080974336,0,0,2
901984454771650561,1,3,1
1058592741024653313,1,3,0
1144441381173321728,1,3,3
1252586092169224192,1,2,2
907687474683621376,0,0,1
1027291122673045504,1,1,0
1252594110613110786,0,0,2
1469096962221752322,1,2,3
907742258673336320,0,0,1
1027291122673045504,0,0,0
1144444164333084672,1,2,3
1264707971176640513,1,3,1
1252531913153081349,1,2,2
1252533148266696705,0,0,2
1469089612400365570,1,3,3
906340536688062464,1,3,1
921512751804985344,1,3,0
1049385830316425216,0,0,0
1252624813924986880,1,3,2
1469084737784496135,1,3,3
783750984061247489,1,3,1
1096686119809368064,1,1,0
1252534896691560448,1,3,2
1469083222818570242,1,2,3
903229866413363200,1,3,1
1264707924867330049,1,2,2
1466077511364792335,0,0,3
902355903730606081,1,1,1
923575748404957184,1,3,0
1069957365317943296,1,3,0
1252535654774222848,1,2,2
1469077136333893635,1,3,3
906302021468266497,0,0,1
1069957365317943296,1,3,0
1252536170413559809,1,2,2
1469076503212265477,1,3,3
1050919704171294720,1,1,1
1252540827273814016,0,0,2
1469075792973996048,1,3,3
923825030693208064,1,3,1
902499615903293442,1,1,0
1075437064693329920,1,1,0
1252561496435032064,0,0,2
1469075691094389162,1,3,3
1008937328633614336,1,3,1
1075437064693329920,1,3,0
1252537562482130945,0,0,2
1469074565682843648,1,3,3
976291904726827010,0,0,1
1115606517116309505,1,3,0
1252538145821859840,1,3,2
906586389143277573,1,1,1
1469073728730501124,1,3,3
1006214766346547208,1,1,0
1144499822226919425,1,3,3
1252538145935110150,0,0,2
1066047795126136832,0,0,1
1264760469757313025,0,0,1
1252538549448118272,0,0,2
1469071545834381324,1,2,3
918497698591969280,1,2,0
1144504915542388736,1,2,3
1252539938484207617,0,0,2
1264785822445961221,1,2,1
918498841451728901,0,0,0
1252679511466008576,1,1,2
1264839485621022722,1,3,1
1126208152087683077,0,0,0
1469070711801225218,1,3,3
1051003146322026497,1,3,0
1264716918855852033,1,1,2
1466051188995117059,0,0,3
918102217432928256,1,3,1
1065877530337394690,1,1,0
1252541236797476864,1,3,2
1268555861846306827,1,3,1
1469068957827145728,0,0,3
1099397245592571908,1,2,0
1252541677849509888,0,0,2
1469066390325936128,0,0,3
907883947866157056,0,0,1
1064011004441284608,1,3,0
1264707765919903744,0,0,1
1252730857736990720,0,0,2
1469068688976494597,1,3,3
1064011004441284608,1,3,0
1252542161024962560,0,0,2
1469067672654602249,1,3,3
938417376420401153,1,3,1
1040739720098004992,1,2,0
1252542211490807808,0,0,2
1469067201407717378,1,3,3
905563834282151936,0,0,1
1040739720098004992,1,2,0
1066448278861070338,0,0,1
1252542950015451137,1,2,2
1469066636414050308,1,3,3
1144582991357849601,1,2,3
1252543554238377984,0,0,2
906467146389184512,1,3,1
928469557454561280,0,0,0
1269416407059492864,1,3,1
1252543556683587587,0,0,2
1469066433132851203,1,2,3
945156515501101056,0,0,0
1264707865346035717,1,2,1
1252543556897714176,0,0,2
1469065752808509441,0,0,3
945156515501101056,1,3,0
1001221802843140096,1,3,0
1268491454034448384,0,0,1
1252543556922769408,0,0,2
957401318552952833,1,3,3
1024676225552400384,1,3,0
905407598941364224,1,3,1
1466050049763389448,0,0,3
904447121516101633,1,3,2
1066619013520752640,1,2,0
958124892490117120,1,3,1
1252543556922769408,0,0,2
1265635917626249216,1,3,3
1252596824206192641,0,0,2
1266060655540539392,1,3,3
1264712207591333888,1,3,1
979777993366261760,1,1,0
1141402834899836928,0,0,0
1265357415630897159,1,2,3
1252544941517144065,0,0,2
1267488033529573376,0,0,1
1049304938642325504,0,0,0
1264806892108255232,1,3,1
1252645667635429378,1,1,2
1268302791610494977,1,3,3
1009891709713448960,1,1,0
1252545823130386439,1,3,2
1265183926269681664,1,3,3
901810092210827264,1,3,1
1127695490185871361,1,1,0
1269233639918727171,1,3,3
1252547274095370240,0,0,2
902785293128003584,0,0,1
1252549207338004480,1,1,2
1121535546805891072,1,3,0
922941865531408384,1,3,1
1112770166792900609,1,3,3
1089814085003239425,1,1,0
1252645667635429378,1,1,2
1264708008543731712,1,2,1
973339561421164544,1,3,3
1122485398834491392,1,3,0
1252549560351817728,0,0,2
1264724633468764160,1,3,3
923472525841108992,1,1,1
1114647194563436547,1,1,0
1252550150205079552,0,0,2
1264708135979233287,1,3,3
901866679319142400,0,0,1
1067205260878344192,1,2,0
1001447336323813376,1,2,1
1466047537136259072,0,0,3
1264708067007983616,1,3,2
1063233258471727104,1,3,0
1252550335308222464,1,3,2
1014912746226311168,1,3,3
1009987540848439297,1,3,1
1264791200231456768,0,0,1
1252550406372278278,0,0,2
1025056480129634306,1,2,3
960614044393598976,1,2,0
1252551522594021387,0,0,2
1264757796781740034,0,0,3
923802092166434821,1,3,1
907935555589111808,1,3,0
1252550335308222464,1,3,2
928968828243140608,1,3,3
903229067255787520,1,1,1
907935555589111808,1,1,0
1022386712591388673,1,3,0
1252551703435632640,0,0,2
935599724559765504,1,3,3
1264708117004238848,1,2,1
1134236774245515265,1,1,0
1252552113315553281,0,0,2
922843127471251457,1,3,3
1269204650026078209,0,0,1
1134236774245515265,1,2,0
1252552529780637696,0,0,2
1004023435113172998,1,3,1
1031271823235788801,1,3,3
1133063013450375168,1,2,0
1266131037211504641,1,3,1
1252553834657976321,1,3,2
1267782874541023232,1,3,3
1035140447532773376,1,2,0
1252607616464846848,0,0,2
904868289150668801,1,1,1
903429901746925568,1,2,3
1252554709384269824,1,3,2
962491946102132736,1,3,3
1265160220579414017,1,3,1
978379239778025473,1,2,0
1467904970246795273,1,3,3
1267593865072193538,1,2,1
960953802861015042,1,3,0
1264707846396092417,0,0,2
1265335774259658754,1,2,1
1466047078694588418,1,3,3
938365802822164480,1,1,2
941963775032340480,1,3,0
1123872478651138049,1,3,0
1252554982601232384,0,0,2
1264771484645576713,1,3,1
1264800933277388800,1,3,3
1123872478651138049,0,0,0
1252561954008375297,1,3,2
1016758402087837696,1,3,3
936321036722868227,1,3,1
1252556841474617345,0,0,2
1058830919656714240,1,2,3
901473250345185281,1,3,1
928469557454561280,0,0,0
1252557326810255363,0,0,2
1005649428231917568,0,0,1
1267605475673112576,1,2,3
950698807213395970,1,3,0
1252564223755988993,0,0,2
1053053914344554497,1,2,3
923816358759972864,0,0,1
948647982861357063,1,3,0
1105138657869086720,1,1,0
1252563770280304640,0,0,2
916340002971357185,1,2,3
1264727021529321472,0,0,1
1266486727474102272,1,3,1
1252557855691100162,0,0,2
905606129396457473,1,3,3
956509091739906048,1,2,0
1252558737572876291,0,0,2
902183936322805760,1,2,3
951928370815647744,1,1,1
906225653183266816,1,1,0
1252639958671728649,0,0,2
905298361741402112,0,0,1
1264707870165065729,1,3,3
906225653183266816,1,3,0
1252559108991000576,0,0,2
1067636235500511232,1,2,0
1264708119440977920,1,3,3
1267717188946923520,1,3,1
1005042010347180033,0,0,0
1252495158832173061,1,3,3
1264708081352617985,0,0,2
972832729174720513,1,2,1
1042083442752663553,1,3,0
1252559126074359808,0,0,2
901551940944879616,1,2,3
906118455417610240,1,2,1
1085624450526179332,1,2,0
1264722859454345217,1,2,3
1252559272627654656,1,3,2
940282155040636928,0,0,1
1266351733988564993,1,2,3
1119015706262032384,1,3,0
1252560179700338690,1,3,2
1031674549123727360,1,1,1
1252560862642147330,0,0,2
1265183926269681664,1,2,3
902157148871946241,1,3,1
930532939535994880,1,3,0
1102925339062398977,1,1,0
1264774085898375169,1,3,1
1266158484837588992,1,1,3
1252561201843834881,1,3,2
1030063352482070531,1,1,0
1252562759188975618,1,3,2
975829960119037952,1,1,1
940422861436489728,1,2,3
1102925339062398977,1,3,0
1252563593607950336,0,0,2
1269102902309683200,0,0,3
958707027420831744,1,1,1
1037631017333481472,1,3,0
1252563458937229312,1,2,2
1264707953711435776,1,2,3
1266135320745082882,0,0,1
1090447585637269504,1,1,0
1269372857173278724,1,3,3
1252563615028256768,0,0,2
1265599354909286401,0,0,1
1088504831008882688,1,2,0
1252563710478094336,0,0,2
907687474683621376,1,2,3
1264707770072301571,1,3,1
1082375902300905479,1,3,0
1264783501062139904,1,3,1
1466044234524499974,1,3,3
924019691034640384,1,2,2
1074499678899720192,1,3,0
1252564168282124289,1,3,2
907412316312010752,1,2,3
1264716357142102017,1,3,1
1018492135249768449,1,3,0
1252565518189543425,0,0,2
1264707981926637575,1,2,3
1267799475625607171,1,3,1
1252565761303949315,0,0,2
1265751866341761024,1,3,1
905214701252079616,1,2,3
919511270201724929,1,1,0
1018261494176284672,1,3,0
1252566537115926529,1,3,2
1264707984472621056,1,3,3
1266622261030645760,1,3,1
1097894470224396288,0,0,0
1252567808879128579,1,3,2
1266200551496261632,1,3,3
905502028390129665,1,3,1
1105142820510318592,1,1,0
1252687584981024768,1,1,2
910172025058193408,1,2,3
1102877957612158976,0,0,1
1053952275889168384,1,2,0
1252570078287183874,1,3,2
972832729174720513,1,3,1
1016703264321044480,1,3,3
1050440277834502144,1,3,0
1252572447490146306,1,3,2
924487434154467328,1,3,1
1264779010904485889,1,2,3
1020242988029698050,1,1,0
1252570899078885376,1,2,2
950401652988743680,1,3,1
905283851534073858,1,2,3
1108791167196557313,1,1,0
1252571335437570048,1,2,2
923913461712683009,1,3,3
903619143815057408,1,3,1
1028088082828939265,1,3,0
1264708068857634816,0,0,2
1465875310730170368,0,0,3
1264707815383408641,1,2,1
1122229694450028544,0,0,0
1252571629911236609,0,0,2
1014912746226311168,0,0,1
902698472029118464,1,2,3
1090232455385120770,0,0,1
1098074878031187968,0,0,0
1264707770152038401,1,2,3
1252572091578269697,1,1,2
1266888642712174592,1,2,1
1123288709657395201,1,2,0
1252572733168398345,0,0,2
910411521330700288,1,2,3
1122996126590935040,1,1,0
1252572875019685892,1,3,2
901814931217108992,1,3,1
1265884421024092161,1,2,3
1264790150237745154,1,3,1
1125456221643763712,0,0,0
1252574800360374273,1,3,2
903325671317012481,1,2,3
1252574855255523335,1,1,2
1264783081468235778,1,3,1
905043399388123137,1,2,3
982303149716328450,1,3,0
1252576730314764288,1,1,2
906422625257361409,1,2,3
974520599673430022,1,3,1
981665149877661696,1,3,0
1019605651171889152,1,2,0
1252576755568672768,0,0,2
911958173455708160,1,2,3
928082008823263232,1,3,1
1144299220654002176,1,3,0
1252577158394007553,0,0,2
1265202839665684480,0,0,1
925740510915862529,1,2,3
1125761309742473217,1,3,0
1252577559423750147,0,0,2
1062408867257159682,1,2,3
903228327300878336,0,0,1
1073185860009496576,1,2,0
1264744764731162624,1,3,1
1264772811492675584,1,3,2
1465857695743987714,0,0,3
1011357822502735872,1,2,3
1252577799761809409,0,0,2
976923437359927296,1,3,1
956122644188880896,1,3,0
1264718791927267328,1,2,3
1113254369212764160,1,1,0
1252577836688453632,0,0,2
905217379663319041,1,3,1
1025790095952101376,1,3,0
1264708016689033230,1,3,3
1264759572239187968,1,3,1
1252579891838672896,0,0,2
1113254369212764160,1,1,0
1269543600238538752,1,1,1
1264778362343403523,0,0,3
1252580026815590402,0,0,2
1127612709455966211,1,3,0
1268128020751175684,0,0,1
1252580026815590402,0,0,2
1264754138312634368,1,2,3
1125565419757162498,1,2,0
1252580529305718785,0,0,2
1014912746226311168,1,3,1
905227554981789696,1,2,3
1127612709455966211,1,2,0
1252580903014084608,0,0,2
905276088842117120,0,0,3
899364706858786816,1,3,1
1125565419757162498,1,1,0
1252582162274148353,0,0,2
902826395482681345,1,3,1
1264809739877220352,1,2,3
1252582215772286976,0,0,2
923685341084647426,1,3,3
1265646839577051136,0,0,1
962791095427059712,1,3,0
1129671170519908352,0,0,0
1252582261427404806,0,0,2
1264774627081048064,0,0,1
1264708137069707265,1,2,3
1006725905484599296,0,0,0
1264761040379809794,0,0,2
1252495730557755392,0,0,3
907065311525953536,1,3,1
1104412633443323914,1,3,0
1252582316595183617,1,1,2
904399721413926912,1,3,1
902272747513856000,1,2,3
1051630125488451584,1,2,0
1252582732359708679,0,0,2
949424507051130880,1,3,3
1052354363895816192,1,3,1
1104412633443323914,1,3,0
1252583482045329408,0,0,2
906222552757878785,1,2,3
922251533424529408,1,3,1
1051630125488451584,1,1,0
1252584153016647680,0,0,2
906191807469326336,1,3,3
901810092210827264,0,0,1
1266244523182575623,1,3,1
1252584174671794179,0,0,2
1011358226955137024,1,3,3
952456392702558208,1,1,0
1264708047903117316,1,3,1
1074767440574242816,1,3,0
1265357415630897159,1,1,3
1252584514372669442,1,3,2
1130704206644600832,1,1,0
1100143200205971456,1,2,3
1267077817487024129,1,3,1
1067271375847649282,1,1,0
1264707930756124672,1,3,1
904274309841072128,1,2,3
1106523735820062721,0,0,0
954277952820334592,1,2,3
907034263035502593,1,3,1
1110123568854167553,1,1,0
1048722052104908805,1,1,1
906936271133724674,1,2,3
1039529456484933632,0,0,0
1266050247769370627,1,3,2
1268166223205990408,0,0,1
1465844559531937795,1,3,3
1033183097456652288,1,3,0
1264707883209576449,1,2,3
1264794354180218880,0,0,1
1141901553038704641,1,1,0
1269532393582411777,0,0,1
1264708095953063947,1,2,3
1033183097456652288,0,0,0
910511668383354885,1,2,3
901930591657934848,0,0,1
1141901553038704641,0,0,0
1012359788011778049,1,2,3
902268355150839808,1,3,1
903671454725701639,0,0,1
1264707863022362626,1,2,3
954105764053995520,1,1,0
1049704615850242048,1,1,0
1267883071354875907,1,2,3
903229866413363200,1,3,1
1264708053036699648,1,3,1
1264771800426319872,1,2,3
954105764053995520,1,1,0
1021571258016718848,1,2,0
1105568230981025792,1,2,3
917287492088410112,1,3,1
1264707805354823681,1,3,1
1264708121630404608,1,2,3
965317954622578688,0,0,0
1099008721252843520,1,3,0
1269408937733955585,1,3,1
972832729174720513,1,3,3
1139906218414227456,0,0,0
1264736349237755906,1,3,2
1465842621314736130,1,2,3
1264785318739423237,0,0,1
1264791428544241664,1,3,1
1265357415630897159,1,2,3
951748355276902400,1,2,0
1269724122508070913,1,3,1
1264708113954938880,1,3,3
921645787041239040,1,1,0
1073401517774905344,1,3,0
1264779954836905984,1,3,1
902554692651188225,1,2,3
1027451701798858752,1,2,1
921645787041239040,0,0,0
902981250427879425,1,3,3
1025608268700368896,1,3,0
1063171772910977024,1,3,1
905531964777746432,1,3,3
923044180590546944,1,2,3
1268241037023154180,1,2,1
946471112975749120,1,2,0
1264781749000851459,1,2,3
904868289150668801,0,0,1
956771435367882752,1,1,0
1001221802843140096,1,3,0
1264707812845903873,1,3,1
1012391430386540545,1,2,3
917411628085383168,1,3,1
1264763424745099266,1,3,3
956771435367882752,0,0,0
1087754935243022338,1,2,0
1268933615053934592,1,2,3
1265334482384625665,1,3,1
1465840872667426816,0,0,3
1014912746226311168,0,0,2
903270130934788096,1,2,1
935940625425461250,1,1,0
1028144744650567680,1,2,0
902718482063773696,1,2,1
941226052248055808,1,2,3
1269650563899285504,1,3,3
1140556268458971136,1,3,0
1030403187721695233,1,3,1
1135717877133299712,1,3,0
1269174322246979584,1,2,3
937050857991999488,1,3,1
1100098715774304256,1,3,0
922162429089533953,1,2,3
1264764259365523457,1,1,1
1144529339951779840,1,1,0
921428317529571334,1,2,3
921562478932385793,1,3,1
1093913951417524224,0,0,0
1266349388340711424,1,2,3
902502412430299136,1,2,1
1035415095545753600,1,3,0
910462504593223680,0,0,1
904510960962023424,0,0,3
1268885584531066880,1,3,3
902278589302767616,0,0,1
906215411645108224,1,3,0
1136532007113166848,1,2,0
1264797880558198784,1,3,1
907969085832605697,1,3,3
1269743672842747905,1,3,1
1051566816789708800,1,2,3
906398727610519552,1,3,0
1252497098051776513,1,3,3
1264707755568517123,0,0,2
1264707800451575808,1,3,1
961999464679559168,1,3,0
1008498639101157376,1,1,1
1266561659826573313,1,3,3
980124614495006721,1,3,0
1069232614337318912,1,3,0
1014912746226311168,1,1,1
1025319623615553537,1,3,3
1094639055667634180,1,1,0
1268623798288384001,1,3,1
1264764450197905409,1,3,3
1112667549219602432,1,2,0
1264708126428692480,1,3,3
1268181074686783488,1,3,1
1092604056193748992,1,3,0
916365215394095104,1,2,3
1268623798288384001,1,3,1
1112681373121208322,0,0,0
961893609451659270,1,2,3
1264707993154859013,1,3,1
926243000572956673,0,0,1
902987876928970752,1,3,3
906857634204196865,1,1,0
1048378724218036224,1,3,0
1062124861621972992,1,3,3
1264707863110270976,1,3,1
1266486727474102272,0,0,1
1102162273907470336,1,1,0
1068091288782819330,1,3,3
1265008339626401792,0,0,1
1267700458988208130,1,2,3
918858271925997569,1,3,0
1057360260581744641,1,3,0
1264746663027126272,1,3,1
1467899994871058433,0,0,3
941934957311811584,0,0,2
1018185650317733888,1,3,0
1465838667281301505,1,3,3
953698840669970433,0,0,1
1264747936002396161,1,3,2
1265479944471056389,1,3,1
1266114228613603331,1,3,3
961237438931795968,1,2,0
1041867197142970368,1,2,0
925400208829136896,1,3,1
1264953770330296323,1,3,3
903966604987252736,1,2,3
907687474683621376,0,0,1
912432991640662016,1,3,0
923804465316147200,1,1,1
971646278701666309,1,3,0
1264799739993784328,1,2,3
1052984081611415557,1,2,3
1020917076364443648,0,0,1
946959644651483137,0,0,0
1101872841706811392,1,1,0
1267129373620043778,1,2,3
1027625340791939073,1,3,1
904665912040665088,1,3,1
907805837615300609,1,3,3
929461919240597504,0,0,0
1265104019904589824,0,0,1
1131599943007969280,0,0,0
1264708024930897920,1,3,3
1012539208077111296,1,3,3
1264766297914724353,1,3,1
929461919240597504,1,1,0
1131599943007969280,1,3,0
1268970418930581508,1,2,3
1264751553316974592,0,0,1
1050535273401077760,1,1,0
1264800226339983362,1,2,1
1264708114957426691,1,3,2
1465838004040179714,0,0,3
1095941663103508480,1,3,0
1266641466077700096,1,3,3
1265050390481055745,0,0,1
905446716857614336,1,3,3
979100822460973056,0,0,1
951534301958557697,1,3,0
1040417947062296576,1,3,0
905098425561112576,1,2,1
907429238445428737,1,3,3
1264808034565533702,1,2,1
1264707760639234048,1,2,3
923525538609795072,1,1,0
1056144247693418496,1,2,0
931185013063847936,1,2,3
905283851534073858,1,3,1
1142739127722545152,1,3,1
1264708097433645058,1,2,3
975751750769696773,1,2,0
1056144247693418496,1,3,0
1264727172574408704,1,3,3
1014912746226311168,1,3,1
1265503044478869504,1,2,3
1140193092840112129,1,3,0
923682954571739136,1,3,1
1264707881837961217,1,3,3
1093865996622782466,1,1,0
905124331683848195,1,2,1
1027002441299054592,1,3,3
1014912746226311168,0,0,1
946592006272405508,1,3,0
1269397518313385984,0,0,2
1113156497503084547,0,0,0
1465828661945323521,0,0,3
905383515302264832,1,3,1
1001223672395436034,1,3,0
1269372911300861952,1,3,1
917586717196062720,1,2,3
1109664519700119553,1,1,0
1266009739697156096,0,0,3
1264724865405288450,0,0,1
1134070985240588291,1,1,0
926953158424719360,0,0,1
903586050500694016,1,2,3
1097861991417303041,1,3,0
1264737845765378053,1,3,3
902130914850881536,1,3,1
1109664519700119553,1,3,0
944865522050408448,1,3,1
1267869944990949377,1,2,3
1000786856429092865,1,1,0
1269624083127336960,1,2,1
1010591613821874176,1,2,3
1264707782168596480,1,2,3
1267450869706100741,1,1,1
969817867087728641,1,1,0
1029949266939133952,0,0,0
1264754606199828480,0,0,1
1025056480129634306,1,3,3
1141378709527683072,1,1,0
905124331683848195,1,3,1
1264707809922494464,1,3,3
1114229237706313730,1,2,3
922517635077722112,0,0,1
969817867087728641,1,1,0
1264754219137093633,1,1,2
1252499207778254848,1,3,3
902777183009206272,1,3,1
934403947036491776,1,1,0
1096858921082544130,0,0,0
1264792641620848640,0,0,1
1267593627234185227,1,3,3
1141378709527683072,1,1,0
1264796582718828551,1,3,1
946901964205342720,1,2,3
1086098417149870080,1,3,0
903603529029488642,1,2,3
902728851733798912,1,1,1
1039523930594267137,1,3,0
1264707898753511424,1,3,1
1264707784383348736,1,2,3
1097578882780315653,1,3,0
1264800589608714241,1,1,1
1018905272323014656,1,3,3
1266160813942980608,1,2,3
967499368143163393,1,2,1
949386722881757184,0,0,0
1042596926758248448,1,3,0
972832729174720513,1,3,1
904955422922170369,1,2,3
1264711213918883842,1,3,3
902835200551514113,0,0,1
949462657148399616,1,3,0
1129650393019928576,1,1,0
1267394743710871554,1,3,1
1072901129044922373,1,2,3
1268919499262177281,0,0,1
1090235340194045952,1,3,3
956594368017850368,1,1,0
1013473029274382337,1,3,0
1252501032103337984,0,0,3
1266060655540539392,1,2,2
972832729174720513,1,3,1
1010324542147956736,1,3,0
1269622290104365057,0,0,1
1264789281329098752,0,0,3
1129650393019928576,1,1,0
1067062903851941888,1,3,1
957924446370611200,1,3,3
1465839525276516356,1,3,0
1091835157303173120,1,3,3
923908230400503809,0,0,1
1265574601175773184,1,1,1
1465838667281301505,1,1,0
904739593194524675,0,0,3
1264728530585178112,1,1,1
1143085313058836480,1,3,0
901643590883053570,1,3,3
1143112797661913088,1,1,0
953312959211687937,1,3,3
906892274264670208,1,3,1
1143126089285472256,1,3,0
921557075531939840,1,3,1
1268181074686783488,1,2,3
1264797880558198784,1,3,3
1465821568634961921,1,3,0
1268181074686783488,1,3,1
1267072516847271936,1,3,1
1465817446133161985,1,3,0
1047531850753691648,1,2,3
1465813730302779404,1,3,0
1264713261896790017,1,3,1
1264708099614662660,1,1,3
1264765336399704066,0,0,2
1264707972216901632,1,2,1
1465817446133161985,0,0,3
946672798386343936,1,1,0
1143132097936265222,1,3,0
905298361741402112,1,3,1
1005090022188601344,1,2,3
1264744731017388032,1,2,1
1465759339461894147,1,2,0
1013473029274382337,1,3,3
1143132413436076034,1,1,0
1264799688571658241,1,2,3
1264708028487655425,1,3,1
1264793859269234689,1,3,1
1468243682734354434,1,2,0
1014912746226311168,1,3,3
972636681076596736,1,3,1
1143186158618402816,1,3,0
1265723265412194310,1,3,3
1468236250909921289,1,3,0
1063872262229688321,1,2,3
1267999144238444544,0,0,1
1264707750400942081,0,0,1
912904682208710656,1,2,3
1468233416894296068,1,1,0
1143206082065682434,1,3,0
1264707931951501315,1,3,3
902268572721917955,1,1,1
1468202835464671237,1,3,0
901848321966227456,1,3,3
1264728776178634752,1,3,1
1143219113986334720,1,1,0
902633286459166722,1,2,3
1264714975500632065,1,3,1
1465813730302779404,0,0,3
923187216091893761,1,3,2
1264782751439314945,1,3,1
979442331932770304,0,0,0
1468172314772598787,1,2,0
917630546800291841,1,2,3
973958513562091528,0,0,1
1143227891901239298,1,1,0
1265202839665684480,1,2,3
915311785401634818,0,0,1
1143228547177181184,1,2,0
1147880715645673472,1,3,3
966292342612418560,0,0,1
1143237662259765248,1,1,0
1269164747297042432,1,2,1
1264708043511488513,1,3,3
1264707891325480961,1,2,3
1143237755083874304,1,1,0
1268267908133785602,0,0,1
1143238794944176136,1,1,0
904638921891614720,0,0,1
903588753138225152,1,2,3
1264795533094187009,1,2,3
1143240500956356609,1,3,0
1269173769345601542,1,3,1
1267153951469850624,1,3,1
1468082934984941569,1,3,0
1264707815437791233,1,3,3
1143249260843941888,1,2,0
1105919211266695168,0,0,1
909988998281445377,1,2,3
1468060313043890178,1,3,0
901984454771650561,1,2,3
1269711015823974405,1,3,1
1013500148415070208,1,2,1
1465760535660666884,1,3,3
902250132527304704,1,3,2
973958513562091528,1,3,0
1143256449143005184,1,3,0
1264710134095392769,1,3,1
978127419558084608,1,3,3
1468059211212992513,1,1,0
1063382228783296512,1,3,3
945279246129176576,0,0,1
1468058964894097409,1,2,0
922714952259063808,1,3,1
905599913043558400,1,2,3
1143260427977146369,1,3,0
1264765696162045969,1,3,1
915567701778747394,1,3,3
1264707939668877313,0,0,1
1143266223888580608,1,3,0
1269354304978268161,1,2,3
1143272534999105536,1,1,0
1264763826815164416,1,2,3
1025056480129634306,0,0,1
1264718189394628609,1,2,3
1468040941105782784,1,3,0
1264707768914714625,1,2,1
1468040573517017090,1,2,0
782944283619913728,0,0,1
903414922893242369,1,3,3
1264804621563736065,1,3,3
905621352467582976,1,3,1
1468016087493230600,1,3,0
1143286275681738752,1,3,0
972832729174720513,1,3,3
1264708131629797376,1,3,1
1269007330340937729,1,1,1
1252502826783252480,1,3,3
1268916026575589376,0,0,2
980231155692666880,1,2,0
1143286886556942336,1,3,0
1265495868913958912,1,3,3
1264725326950776845,1,3,1
1268631546690297856,0,0,1
1143295477409968128,1,3,0
902279233409499137,1,3,3
1467676725589037061,1,2,0
1264761992847515649,1,3,3
1264715349108256768,1,2,1
1467971730266226689,1,3,0
974680820173721601,1,3,3
1268868119323426817,0,0,1
1467968047520489473,0,0,0
1267518848389074946,1,3,1
902272747513856000,1,3,3
1143340070860218370,1,1,0
1264707939685859328,1,3,3
1268181074686783488,1,3,1
1264707890549530624,1,3,1
1143342447520604167,0,0,0
1264708068488724480,1,3,3
1264708021508243463,1,3,3
1467964893730992128,1,2,0
1266039476339585024,0,0,1
1467964643075264515,1,2,0
1269550312857141249,1,3,3
901844767222374401,1,3,1
1467964042488647687,1,3,0
1266785981245665280,1,3,3
905411355259191297,0,0,1
1465505752169299973,1,3,3
947206679581609989,0,0,2
906941237034397697,1,3,1
968033607871803392,1,2,0
1264793966467153921,1,2,3
1467963695250640897,1,3,0
1105904984246247424,1,2,1
1143387851339571200,1,3,0
1026571134161092608,1,2,3
1266128948846608384,0,0,1
1467955650382770177,1,1,0
1266347711218900997,1,3,1
907687474683621376,1,3,3
905111526041829378,1,3,1
1467955226799869959,1,1,0
902123133414637568,1,3,3
1143442549475950592,1,2,0
1267387048589058049,1,3,1
1264791428544241664,1,3,3
1264707926939152385,1,2,1
1143452328009326592,1,2,0
1264707806814334976,1,2,3
1143453533091635201,1,3,0
1264759351555895297,1,2,3
905276088842117120,1,3,1
1264780145052676096,1,3,1
1264752031467810816,1,3,3
1467936307112468492,1,2,0
1143483022156677120,1,1,0
1469109630450163715,1,3,3
951539926004371456,1,3,1
1143483861139165184,1,1,0
1264787683907428352,1,3,1
1468257045631705095,1,3,3
941018252951654400,1,3,2
1043818686509993984,1,3,0
1467719170972438529,1,3,3
1268921500071010304,1,1,1
1074614148128956416,1,1,0
1264713016421072899,1,2,2
1252503787631259649,1,2,3
923803652686454784,1,3,1
1467921271090462720,1,1,0
1469376514013773834,1,2,3
1264869808954322947,1,3,1
1143495451318063104,1,1,0
1469363784116436996,1,2,3
923890936475717634,1,3,1
1467680830751494148,1,2,3
1467913887941021699,1,3,0
1269753184123260928,1,2,1
1467911572865622018,1,1,0
1468321884869648389,1,3,3
1264778413472190466,0,0,1
1467907339567173636,1,3,0
1470216428758388741,1,2,3
975832827135709189,1,3,1
1143527734586564608,0,0,0
1469355210585821184,1,2,3
1264901819358154768,1,2,1
1143544568882913282,1,3,0
1470158379268063235,1,3,3
904868289150668801,0,0,1
1143553543036657665,1,2,0
1470157218691661829,1,2,3
906943639275929601,0,0,1
1143562117502656514,1,3,0
1269454223185334273,0,0,1
1469338126418128909,1,2,3
1143563587102892032,0,0,0
1470096094134689796,1,3,3
905386283207462912,0,0,1
1025824203893825537,1,1,0
1264707887869427712,1,1,1
1264734478066475008,1,2,2
1468238856587780096,1,2,3
1143563742648705024,0,0,0
1469330900152430600,1,2,3
1264707988679507975,1,3,1
1143564360880705536,1,3,0
1268198915712655360,0,0,1
1469318962345357312,1,3,3
1467888623915880453,1,3,0
1469315495933485059,1,3,3
1014815584129777665,1,1,1
1467883205147643909,1,3,0
1469294334306566157,1,3,3
1264719181221466112,1,1,1
1467879342046859264,1,1,0
1469952648740839424,1,3,3
1267140640615399426,1,2,1
1264776964377702400,1,3,1
1467874685077577729,1,1,0
1469280439055667201,0,0,3
1467870958203637765,1,3,0
1469275192430112771,1,3,3
1264731194379448321,1,3,1
1467864722280173574,1,1,0
1469242939729711107,1,2,3
1264707759951527937,1,3,1
1143607100326797313,1,1,0
1469846607499874308,1,2,3
1266184556593496069,1,1,1
1143622815356194816,1,3,0
1469842331272720386,0,0,3
1264707901563777024,0,0,1
1038805964110147584,1,3,0
1264760336013385729,1,2,2
1252504571831861248,1,3,3
905223361873289218,1,3,1
1107990608826777601,1,2,1
1467837927376015361,1,1,0
1469841355534856197,1,3,3
1264801540285566976,1,3,1
1467831344227041285,0,0,0
1469207611241373698,1,3,3
1264713521931018241,1,3,1
1467815113579237377,1,1,0
1469201957034205187,1,2,3
1067106030646190081,0,0,1
1467814217680101376,1,1,0
1469783840856035333,0,0,3
1264797285348773894,0,0,1
1467596107609874433,1,1,0
1469188213528924163,0,0,3
1467737538081312779,1,3,0
1469772349906079745,0,0,3
1268631957329416192,1,2,1
1265022518890553344,0,0,1
1467737428001796098,1,1,0
1469770291740094465,0,0,3
1467726595016302592,1,3,0
1469172904076013570,1,2,3
941601967498985472,1,3,1
1143697713692758017,1,1,0
1469754672562925568,1,2,3
1264707815584694272,0,0,1
1264761039696146432,0,0,1
1467712199481184258,0,0,0
1469728374788702209,1,2,3
1009902077298991104,1,3,2
1264720503929032706,1,2,1
1100290338604802048,1,2,0
1468233416894296068,1,3,3
1467711775676276739,1,3,0
1469705002319069196,1,3,3
905224577441288192,1,3,1
1268861787711160321,1,3,1
1143713866246836224,1,3,0
1469699961566679056,1,2,3
1143715011828883464,1,1,0
1469698458567290884,1,3,3
1264752395248005120,1,2,1
1143723830378160129,1,2,0
959122979832717317,0,0,1
1469697140272283658,1,3,3
903601071679004674,1,3,1
1467622312296034314,1,2,0
1469672868183220229,1,3,3
908329882710630400,0,0,1
1143744126703161345,1,1,0
1469151667719393282,1,3,3
1264796263788224513,0,0,1
1467636106879389700,1,1,0
1469602788548259840,0,0,3
1266142604871204864,0,0,1
1143757709826805765,1,2,0
1469597826225262593,1,3,3
1143765148751945729,1,3,0
1264711244487032839,1,3,1
1469508775136665600,0,0,3
1268150941662019585,1,3,1
1467523988897230853,1,1,0
1469136954105253888,1,2,3
1042811983886725120,1,3,0
1011780852676792320,1,3,2
1468223896298172418,0,0,3
1014912746226311168,1,3,1
1143768515230543872,0,0,0
1469478336267231232,0,0,3
1264707831594471425,1,3,1
1143770558846427136,0,0,0
1469134593370595329,1,3,3
1264707932631052296,1,2,1
1143777113834754048,1,2,0
1469437895542988802,1,3,3
912721678110773249,1,3,1
1143781270956072960,1,3,0
931356336356339712,0,0,1
1469402918843527169,1,3,3
1467614921223401475,0,0,0
1469390958072528896,1,3,3
1268898042654142464,0,0,1
1143797135240028160,0,0,0
1469066433132851203,0,0,3
910117860755853313,0,0,1
1143806003919671296,1,1,0
1269744728913981440,1,3,1
1469368364233596932,0,0,3
1467613180713074689,1,3,0
1469344867021172749,1,3,3
1158754202962685954,1,3,1
1143824277210185728,1,1,0
1469340732028817409,1,3,3
1267221428727959556,0,0,1
1143834121568833537,1,2,0
1469340388234182656,1,3,3
972948413191983104,1,1,1
1117374370412888064,0,0,0
1468202835464671237,1,2,3
1264707978017386497,1,2,1
1266771577934278667,0,0,2
1143839375907786752,1,3,0
1469326639846809607,1,3,3
957880685062062080,1,1,1
1467579661869801474,1,3,0
1469313206157910016,1,2,3
1265906833266339840,1,3,1
1467571235789979670,1,3,0
1469309198278311941,1,3,3
902328957097390080,0,0,1
1143850301906137089,1,3,0
1264802110824230912,1,3,1
1469112544900132867,1,3,3
905113825728331777,1,3,1
1467557980564385794,0,0,0
1469109438493691910,1,2,3
1143851552375025664,1,2,0
1469071855537565697,1,3,3
903674927609290752,0,0,1
1467539988078219268,1,3,0
1469172248409886722,1,3,3
1265468175925346304,1,2,1
1264800733955842048,1,2,1
1143853079407804417,1,2,0
1469148726417625089,1,2,3
1467530227790147587,1,1,0
1469131874186395654,1,2,3
913120028844752898,1,3,1
905225567124971520,1,3,1
1467512224482795524,1,1,0
1469131109422313476,1,3,3
1269340903300378626,0,0,1
1468189369869688838,1,3,3
1264707985831575552,1,3,2
981151453858459648,1,1,0
1143871988160589824,1,1,0
1469076792090800131,1,3,3
902787627824291840,1,1,1
1467506128523337732,1,2,0
1469119189164118020,1,3,3
948137578443685888,1,3,1
1469075792973996048,1,3,3
1467499148396093443,1,3,0
901796673155993600,1,3,1
1467495711235313673,1,3,0
1469105366772289537,1,3,3
1014912746226311168,0,0,1
1467473653944229901,1,1,0
1469103206303207424,1,3,3
913061292214067201,1,3,1
1467454332656394244,0,0,0
1469073728730501124,1,3,3
903611346234855428,0,0,1
1467439824986591234,1,3,0
1469072004573802502,1,3,3
905361577364377600,1,3,1
1143927152414535680,0,0,0
1264769441063211013,1,3,1
1469071545834381324,1,3,3
1467416306051915777,1,3,0
1469083419372302339,1,3,3
1264751090408591362,1,3,1
1143928286701133824,1,3,0
1469070711801225218,1,3,3
907564104071749632,1,1,1
1096440825796427776,1,2,0
1468172314772598787,1,3,3
907529289486217216,0,0,1
1266334830502924288,1,2,2
961233727669133312,0,0,1
1467352098476015616,1,3,0
1469074658523860994,1,1,3
1009133789786894336,0,0,1
1467346571612377090,1,2,0
1469066844686401543,1,3,3
1467343055640481798,1,2,0
1469060042318094340,0,0,3
902797408618258432,0,0,1
1467333929816502277,1,2,0
1469067672654602249,0,0,3
1264758825799860225,1,3,1
1467333471190360064,1,1,0
1469067201407717378,0,0,3
936103308095139841,1,2,1
1266054361718931456,0,0,1
1467332132829683716,0,0,0
1469066636414050308,0,0,3
1143998054925787138,1,3,0
1469066390325936128,1,2,3
1040322599593627654,1,2,1
1144000789159059456,1,3,0
1265628455212892160,0,0,1
1469065980974358529,1,2,3
1144009629845917696,1,2,0
958124892490117120,0,0,1
1469065752808509441,1,3,3
1467313581309915136,1,2,0
1469065395088801792,1,2,3
903820433463672834,1,3,1
1106689743268560897,1,3,0
1265367970135584772,0,0,1
1468122546516156416,1,2,3
1264789699425636352,0,0,2
1144010044939411456,1,1,0
1469065055069110273,1,3,3
923968564721156096,1,3,1
1466966085027180545,1,1,0
1469064563102748672,1,3,3
905402113429184513,1,2,1
1264798582068166656,1,3,1
1467278074349764617,1,3,0
1469064320856178689,1,3,3
1144027322561048581,1,3,0
1469063999518093312,1,3,3
910393948278898688,1,1,1
1264801088374558721,1,3,1
1467266114061316099,1,3,0
1469063632759799808,1,3,3
1264721259188891650,1,2,1
1467259436288798720,0,0,0
1469062823644905480,1,3,3
1269226172862402560,1,3,1
1467256042102747136,1,3,0
1469062369338920972,1,2,3
1144051478136598528,1,2,0
1469062038496464901,1,2,3
1027242261426319360,1,3,1
1144052531963867137,1,3,0
1469061615609913347,1,2,3
903399332749172736,0,0,1
1467226875139342343,1,1,0
1468827755781443586,1,2,3
904065167901605888,0,0,1
1128589359647789057,1,3,0
1252506291278413824,1,2,3
907621548172902400,1,2,2
1026618704791064576,0,0,1
1467226701113536512,1,1,0
1468809775013974017,1,3,3
1017470361250795520,0,0,1
1144067739788595200,1,3,0
1469052408395350022,1,2,3
1264708104626802689,1,1,1
1467209931178668032,1,3,0
1469052040189992970,1,2,3
914377130435166208,0,0,1
1267485274122092547,1,3,1
1144069026198511617,1,3,0
1469051554208567298,1,3,3
1144069556740284418,1,3,0
1469051246313193479,1,2,3
902350566453428225,1,2,1
1144070497455476737,1,3,0
1468795305864925185,1,3,3
1009462022193405952,0,0,1
1268236768358420480,1,3,1
1144072540790362114,1,3,0
1468792670914945025,1,3,3
1144074303643668481,1,3,0
1264797880558198784,1,3,1
1469036305044680704,1,2,3
1264708010385031176,1,2,1
1467178732075069453,1,3,0
1469033930523299845,1,3,3
1467172721016647689,1,3,0
1468763187147329536,1,2,3
1267134241026048003,1,3,1
1018161582185046016,1,3,0
970712676518293506,1,3,2
1467606975265583106,1,3,3
903270130934788096,1,3,1
1026862013102874625,0,0,2
1109889672392728576,1,2,0
1468089815212359680,1,3,3
918201892672626695,1,2,1
1467172514694639617,0,0,0
1469028773676867594,1,3,3
1264707891807870976,0,0,1
1467172096849629188,1,1,0
1469025626657075203,1,3,3
927167158211182593,1,3,1
1467148763261136896,0,0,0
1468746943920807938,1,2,3
901799160021692416,0,0,1
1467145879903784960,1,3,0
1469017421226778624,1,3,3
1265657760169037826,0,0,1
1467145255376011273,1,3,0
1469015294509207558,1,3,3
1009116468229955584,0,0,1
1266486727474102272,1,3,1
1467143076183486468,1,3,0
1469014777062121489,1,3,3
1264754606199828480,1,3,1
1467139837971021824,1,3,0
1469013336398307333,1,2,3
1264708032849682434,0,0,1
1467137954858639373,1,1,0
1469010622629167112,1,2,3
1019471047995871232,1,2,1
1467137761878716420,1,1,0
1468719021713666048,1,3,3
1144160480833024000,0,0,0
1264707805136801799,0,0,1
1469008263052201984,1,3,3
1032302095926546432,1,1,0
1468085903218417665,1,2,3
901552203034279936,0,0,2
1268181074686783488,0,0,1
1144178085731938304,1,2,0
1468708222726983695,1,2,3
956615224546775040,0,0,1
1264776208849477635,1,3,1
1467102453510422532,1,2,0
1469000279521579008,1,2,3
1467085189927088130,0,0,0
1468705289927114754,1,3,3
901421985103851520,0,0,1
1144235482622124032,0,0,0
1468993140145197068,1,3,3
1267029926785376256,1,3,1
1264708114516979713,0,0,1
1467011769264713729,1,1,0
1468991937512419329,1,2,3
1467000516777369602,1,2,0
1468684695504306189,1,3,3
1264708057122078721,0,0,1
1268755069186473984,1,3,1
1466999948637921284,1,3,0
1468986521231532043,1,3,3
1466998149063479296,1,1,0
1468680098001960966,1,2,3
1264727409066115075,1,3,1
1264708078676717573,0,0,1
1466998124673744900,0,0,0
1468984400528363520,1,3,3
1144282556361334791,1,3,0
1264712207591333888,1,3,1
1468649142272602121,1,2,3
1468083863163441156,1,2,3
1268927716423852036,1,3,1
1264707875529605121,1,3,2
928200083656540160,1,3,0
1144292788667920386,0,0,0
1266376749228556288,1,3,1
1468977971071434758,1,3,3
1466992864131379200,1,3,0
1468973692470190083,1,2,3
1009934743167815680,0,0,1
1466985172864282630,0,0,0
1468970290361163776,1,3,3
1014924589913128960,0,0,1
1466968879251353605,1,3,0
1468961345068355586,1,3,3
907442076182241281,1,2,1
1466976128493490182,1,2,0
1468616560960884738,1,2,3
930601135433568256,0,0,1
1144305844483289089,0,0,0
1264778766938710016,1,3,1
1468955606526533635,1,2,3
1144308518482149377,1,3,0
1265357415630897159,1,1,1
1468949209336406019,1,2,3
1466956038448500742,0,0,0
1468947511754866691,1,2,3
1269022806077046785,1,1,1
1466951147479080960,1,2,0
1468942969185128448,1,2,3
932864506920923138,0,0,1
1144313357664751622,1,1,0
1468941337265414145,1,2,3
1154586732224032768,1,3,1
1083718590912696321,1,3,0
958124892490117120,1,3,1
1468082934984941569,1,2,3
1023372106073952256,1,3,2
1466908192445714432,1,3,0
1468590089110495234,1,3,3
1264710123156463616,1,3,1
1468937652552577024,0,0,3
1466930546240598018,1,1,0
1074448969336532992,0,0,1
1144324662886838272,0,0,0
1268355396059697153,1,3,1
1468589240363720708,1,2,3
1144324662886838272,1,3,0
1468588676082978823,1,2,3
972832729174720513,1,1,1
1466901530745974784,1,1,0
1468588158019416069,1,3,3
907290277043257344,1,3,1
1144330602751152130,1,1,0
1468584745705558019,1,3,3
1267624326544539648,1,3,1
1144331941572952065,1,3,0
1468933076617252870,1,2,3
1264707993259646976,1,3,1
1264709951597010945,0,0,1
1466591126358355973,1,2,0
1468931952875036672,1,3,3
1468931885955002373,1,2,3
1466850850551304204,1,2,0
904152250867691521,0,0,1
1144351101778628608,0,0,0
1468497206617550852,1,2,3
936549609295319040,1,3,1
1105145228154101760,1,1,0
1252510463449063425,1,3,3
914380700782034944,1,3,1
1154541025840500736,1,3,2
1466825031967719426,1,3,0
1468926348827795460,1,3,3
1268181074686783488,0,0,1
1466834445978247181,1,3,0
1468432572644528128,1,3,3
1266529829182152711,1,3,1
1466829570057949193,1,3,0
1468920927933112323,1,2,3
1265156951543099392,1,2,1
1466827691945086986,1,2,0
1468400927275110405,1,2,3
1264760282678616064,0,0,1
1466827359336677387,1,3,0
1468915396983934978,1,2,3
1018286369754447879,0,0,1
1144358494147096577,1,3,0
1468904238390652932,1,3,3
1269051687123259392,1,2,1
1466814274731397125,1,2,0
1468383644246937601,1,2,3
973956241977360384,1,3,1
1119358946140094465,1,3,1
1466810894239731718,1,3,0
1468327288303505416,1,3,3
1144364254704873478,0,0,0
1468884898559713280,1,2,3
953029966710693888,0,0,1
1144367077358219264,1,2,0
1264742204188372994,1,3,1
1468884056167301122,1,2,3
1083757901368430593,1,3,0
1264752031467810816,1,3,2
1468060313043890178,1,2,3
905063308222496768,1,3,1
1466807192892456968,1,1,0
1468282304866914304,1,2,3
1264765291348836352,1,3,1
1266949283040894981,0,0,1
1466805017185247239,1,2,0
1468854596596498437,1,1,3
1144368551848865792,1,2,0
1468840855708577798,1,3,3
926153843825557504,0,0,1
1144383447957417985,1,3,0
1264708006211698701,0,0,1
1468233834420477969,1,3,3
1466631821760901126,0,0,0
1468814174935465987,1,2,3
1264938146292289536,0,0,1
1466792235047931907,0,0,0
1468808031865434112,1,3,3
906191807469326336,1,1,1
1144385139331538945,1,3,0
1468807663114854400,1,2,3
902534115702034432,1,3,1
1466788917378785288,1,3,0
1468800428544569349,1,2,3
913847280935022592,1,2,1
1094621790343548931,1,2,1
1466786679461609479,1,1,0
1468799038904487936,1,3,3
1466785192962580486,1,2,0
1468797180408434688,1,3,3
902921965262004224,0,0,1
1116012781537566720,1,1,0
1264731025956958210,1,3,1
1252511377966501889,1,3,3
909197712410710021,0,0,2
1466784120361598983,1,3,0
1468790772963024896,1,2,3
1264722130433949707,1,3,1
1111722881585762305,1,1,1
1466784120361598983,1,3,0
1468790606453424131,0,0,3
1466779177638580226,1,1,0
1468040603263016964,1,2,3
1266114228613603331,0,0,1
1466771166215999492,1,1,0
1468783838608433158,1,2,3
979160779680235520,0,0,1
1466770829933531137,0,0,0
1468028530328059912,1,3,3
1264708127674400768,0,0,1
1466768693770305540,1,3,0
1468777669579796481,1,3,3
973692964240113664,1,3,1
1466765462042255360,1,3,0
1468776455815327748,1,2,3
904829846102065152,1,2,1
1466760745107009542,1,3,0
1468774328862973952,1,2,3
909175777475940352,0,0,1
1144444164333084672,1,3,0
1467989753064837126,1,3,3
1014912746226311168,1,3,1
1144444329093521409,1,3,0
1468746835569295366,1,3,3
911750228277059584,1,3,1
1252511404587839488,1,3,3
1268153257777651712,0,0,2
1264910377961369600,1,3,1
948565020861976577,1,3,0
1144446739409186817,1,3,0
1264712556800888833,1,2,1
1468751545319583744,1,2,3
1268981760995409920,0,0,1
1144447256742903809,1,3,0
1468749690166468611,1,2,3
1144451919278039042,1,1,0
901062281135616001,0,0,1
1468747205905428480,1,3,3
1466641542098010113,0,0,0
1468746929303703558,1,2,3
905030325507473408,0,0,1
1264731290781302784,0,0,1
1466618995100901383,1,2,0
1468746573861511170,0,0,3
1265257136197636098,0,0,1
1144477872167383040,1,2,0
1467888006807834636,1,3,3
1144479413154635776,0,0,0
1468745442779439106,1,3,3
903633048289325058,0,0,1
1264712556800888833,1,3,1
1466596752509730817,1,3,0
1467888006807834636,1,2,3
941113655202078721,1,2,1
1466394463685783557,1,1,0
1468744730951442435,0,0,3
1466588109689081856,0,0,0
1467867461865422858,1,3,3
884174347799326720,1,3,1
1034087906783232000,1,3,0
1265257136197636098,1,3,1
1269479717859553280,0,0,2
1468059211212992513,1,3,3
1466585796199084032,1,3,0
1467859945605373956,1,2,3
1267935771144658949,1,3,1
1265479944471056389,1,3,1
1466575065730985992,0,0,0
1468727872336584707,1,3,3
1466572583260680195,1,3,0
1468726943688400896,1,3,3
907362553638121472,0,0,1
1264707795032477696,0,0,1
1466563572842958850,1,1,0
1468723167950741506,1,2,3
1144540179149053953,0,0,0
1468721019401633792,1,2,3
1014912746226311168,1,3,1
1144547212636172288,0,0,0
1468719460169273347,1,2,3
1269051687123259392,1,2,1
1144558372487909377,1,1,0
1468619042286194693,1,2,3
923968564721156096,1,2,1
1144572497569996800,1,1,0
1467756013285748738,1,3,3
1026807911970942977,1,3,1
934047624151339010,1,2,1
1466546319451906058,1,1,0
1468702740503269395,1,2,3
1466546153567182855,1,3,0
1468702284293058581,1,3,3
1269409955573977088,1,3,1
1264750430330015748,0,0,2
1106062412174815233,1,2,0
1252511504064081920,1,3,3
902180153534570496,1,3,1
1144592021551767553,1,3,0
1468700969957568518,0,0,3
1264780185142013952,1,3,1
1468699853509349380,1,3,3
907151400307748864,0,0,1
1468697982426091526,1,2,3
901569969393201152,0,0,1
1468696959930277891,1,2,3
903619143815057408,1,3,1
1264712207591333888,1,3,1
1468695023348682752,1,2,3
1269067700384534534,0,0,1
1468688491030667265,1,2,3
1264707829853761538,0,0,1
1468688281449676802,1,2,3
945310644617842688,1,3,1
1467663213521092608,1,2,3
1467663102548189187,1,2,3
907442076182241281,0,0,1
1468687123062611969,1,2,3
906644733539373058,0,0,1
1097883400831148032,0,0,0
1467606359931826177,1,3,3
924487434154467328,1,3,1
907897922678747136,0,0,2
1109890174400507909,1,2,0
1468053708831395851,1,3,3
1002376477155971074,1,3,1
1025824933308329984,1,3,2
1468682126719696897,1,2,3
906103028394192896,1,3,1
1468678454157529088,1,3,3
911938493194137600,0,0,1
1468676002809270281,1,3,3
906215775693877248,0,0,1
1468673960481103872,1,3,3
901421994381627392,1,3,1
1467644867815915523,1,2,3
916365215394095104,1,1,1
1468672895572451336,1,2,3
941024603358552064,0,0,1
1468672629431279623,1,2,3
976893184117796866,1,3,1
1467620621790195716,1,3,3
1264863199175880708,1,3,1
1468671743950794753,1,3,3
1264708009378357254,1,3,1
928625812017991680,1,3,1
1468670697455210503,1,3,3
1014914335272046593,1,3,0
1468040941105782784,1,2,3
902899298790064128,1,3,2
975499471831285760,1,3,1
1467609199781818368,1,2,3
915987013706354688,0,0,1
1468667084091580419,1,3,3
963159194894503937,0,0,1
1467548496798617611,1,2,3
903696746844479489,1,3,1
1468666345130639360,1,2,3
1017513769231110145,1,3,1
1264989707357880320,0,0,1
1468666131166773250,1,2,3
1467530014585413638,1,2,3
1264707887366049807,1,2,1
1049672485128560640,1,3,1
1468665716127592449,1,2,3
1468665114085658625,1,2,3
1264766686441414661,0,0,1
1264752031467810816,0,0,1
1468664283462438912,1,3,3
1264754673132597249,1,3,1
1468664250033913863,1,2,3
1022583625152438272,0,0,0
1264720752672215041,1,3,1
1468040573517017090,0,0,3
901257914903658502,0,0,2
1468664161634856968,1,2,3
1264708129390018561,0,0,1
1468663788475981829,1,3,3
1264708084624023555,0,0,1
913111907317555207,1,2,1
1468663451086032896,1,2,3
1468663073967906818,1,3,3
1264772794635739146,0,0,1
1265358730247278592,0,0,1
1468662854148661248,1,2,3
1467368309377179651,1,2,3
1040812829325119489,1,2,1
1468662787517865985,1,2,3
1264711019139444736,0,0,1
1264797880558198784,0,0,1
1468661904130387970,1,2,3
1466543470386966528,1,3,1
1467358733034475524,1,3,3
1466541808477896706,1,3,1
1468661521727299586,1,3,3
1136071017967759360,1,2,0
1252512778994298881,1,3,3
1265145113774141440,1,3,2
901814931217108992,1,1,1
1265560122987876355,1,3,1
1468661461983629316,1,2,3
1466536038067695616,1,3,1
1468660895102418953,1,3,3
1466534855802441729,1,2,1
1468660741012131845,1,3,3
1269233639918727171,1,3,1
1467278373365944328,1,2,3
1264710694475161600,1,3,1
1467276471840301056,1,3,3
1468660309346996237,1,2,3
1264707993679073280,0,0,1
1264724633468764160,1,3,1
1467266806251413508,1,2,3
1466528602237771776,0,0,1
1468659970443030530,1,3,3
1466521725428977672,0,0,1
1468659690984947724,1,2,3
1466514989104181248,1,3,1
1468659411006730240,1,3,3
1264707961395576834,1,3,2
1468009116865994754,1,2,3
928159382717612032,1,3,1
921336877424062469,1,2,0
1466514493245202444,0,0,1
1467202520032239618,1,2,3
1264708071772864513,0,0,1
1468659282199691273,1,3,3
1265392060267364355,1,2,1
1468656420463722497,1,2,3
1264750961894912000,0,0,1
1468655967973822465,1,3,3
1267782874541023232,1,3,1
1264797684658921473,1,2,1
1264722680944746498,1,3,1
1143127087399624706,1,1,1
1265620219998896128,1,3,1
1264708018404384768,0,0,1
1467997612452167686,1,3,3
929078237350674432,0,0,1
937446075094278146,0,0,0
1264795167929839618,1,1,2
1264782238002135040,1,2,1
1162053677223489537,0,0,1
1264707870165065729,1,3,1
1264708119440977920,0,0,1
1264718161435340805,1,3,1
1264722859454345217,0,0,1
1266351733988564993,1,3,1
1265179762307325952,1,2,1
1266158484837588992,0,0,1
1266424585186050049,1,3,1
1124440071564693505,0,0,0
1252514848426143744,0,0,3
905233381478281216,0,0,1
905379742739771393,1,3,2
1269108208800608261,1,3,1
1264707953711435776,0,0,1
1269372857173278724,1,3,1
1265467764506087429,1,3,1
1265751042056089600,1,3,1
1264707981926637575,0,0,1
1264707984472621056,0,0,1
1266200551496261632,1,3,1
1266258209569820673,1,3,1
1264744330889252866,0,0,1
1011715154722148352,1,3,0
1264776330203344896,1,3,2
1467979235943931906,1,3,3
1014912746226311168,1,3,1
1264779010904485889,1,3,1
1269669380490657792,1,3,1
1143260427977146369,1,3,1
1264737595453394946,1,1,1
1264707770152038401,0,0,1
1264768263763918848,0,0,1
1264707888007839744,0,0,1
1264716476734255105,1,2,1
1264712827098394624,0,0,1
1165544985363697665,0,0,1
1069667220006060034,1,3,0
1264777969173704704,1,3,2
1467971730266226689,0,0,3
902515941572919301,1,3,1
1266101978196828160,1,2,1
1264811321586970624,0,0,1
1267165618551189504,1,3,1
1264718791927267328,1,3,1
1264708016689033230,0,0,1
1264778362343403523,0,0,1
1143363596950355969,0,0,1
1264707814993395713,0,0,1
1267775448018120711,1,3,1
1264809739877220352,0,0,1
1264862702415097856,1,2,1
1066812968502026240,0,0,0
1467968047520489473,1,3,3
1264783694855798787,1,3,2
1264737881173774343,1,1,1
1264708137468264448,0,0,1
1265704869849116675,1,1,1
1264807197151621121,1,2,1
1264707814343290886,0,0,1
1264720830962954240,1,3,1
1269132555846025217,1,3,1
1265331773371756544,1,2,1
1267454688749916161,1,3,1
1264807522260660229,0,0,1
1040689181285072896,0,0,0
1264717353943814144,1,2,1
1264720037132173312,1,3,2
1467273452335865858,1,2,3
1096539998915039232,1,3,0
1467967566052220939,1,2,3
1267136422181470209,1,1,2
958478331795640321,1,3,1
1264708095953063947,0,0,1
1264708034187546624,0,0,1
1264707902369083393,1,3,1
1267883071354875907,1,2,1
1264771800426319872,0,0,1
1264708121630404608,0,0,1
1264919186033311746,1,2,1
1265219571830661120,1,3,1
1264708113917259776,0,0,1
1264707765693546496,0,0,1
1137255875041726465,1,2,0
1049535844871274496,1,3,2
1467967370748743683,1,3,3
1025056480129634306,1,3,1
1264708055960301568,0,0,1
1264772268992782336,1,3,1
1264795105497513984,1,3,1
1266068519730413570,1,3,1
1264763424745099266,0,0,1
1268933615053934592,1,3,1
1265164833739075584,1,3,1
1269650563899285504,1,3,1
1266349388340711424,1,2,1
1264738963757002752,1,1,1
1095338412511350786,1,3,0
1467964893730992128,1,3,3
904625005715230720,1,1,1
1265413508855934976,1,3,2
1268886349681250305,1,3,1
1265668855675760641,1,3,1
1264730185867419654,1,3,1
1266561659826573313,1,3,1
1264708005200887808,0,0,1
1264764450197905409,1,3,1
1264708126428692480,0,0,1
1143636610141106181,1,2,1
1264785429984940033,0,0,1
1264707909738430464,0,0,1
1113441389390462976,1,2,0
1267554206350704644,1,3,2
1005117259424108544,1,3,1
1252518122743107591,1,3,3
1264707871289356290,1,2,1
1264778849956610048,0,0,1
1267700458988208130,1,3,1
1143715011828883464,1,3,1
1264957889493467137,1,2,1
1143725979719864320,1,3,1
1143744126703161345,1,3,1
1267129373620043778,1,3,1
1266162453848551432,1,3,1
1264707909738430464,0,0,1
1005520996143632384,0,0,0
1264707884354383872,1,3,2
1467964042488647687,1,3,3
906223500079321088,1,3,1
1268970418930581508,1,2,1
1268881578563899393,1,3,1
1264707760639234048,1,3,1
1266932197094653952,1,1,1
1264708097433645058,1,3,1
1264727172574408704,1,3,1
1143797135240028160,1,3,1
1264707881837961217,0,0,1
1265885621228191744,1,3,1
1266009739697156096,1,3,1
1120294616375418880,0,0,0
1266060655540539392,1,3,2
1467963695250640897,1,3,3
1049360074949517314,0,0,1
1264750784102592513,0,0,1
1264737845765378053,0,0,1
1267869944990949377,1,3,1
1143849115899633664,1,3,1
1264707782168596480,0,0,1
1143851059653292032,1,3,1
1264707809922494464,0,0,1
1264711906524307456,1,2,1
1268690984570957824,1,3,1
1264708064399237131,0,0,1
1467958739751911425,0,0,3
1039882160013025281,1,2,1
905201332457312256,0,0,2
910930050974875648,1,1,0
1264707784383348736,0,0,1
1143871988160589824,1,3,1
1266160813942980608,1,3,1
1266360189361491969,1,3,1
1264711213918883842,0,0,1
1264711477195427840,1,2,1
1264789281329098752,0,0,1
1264758064512512004,1,1,1
1264790542497562624,1,3,1
904739593194524675,0,0,1
1467955650382770177,1,3,3
1088578200995880966,1,3,0
1051946840265039872,0,0,1
903229067255787520,1,3,2
953312959211687937,1,3,1
1264797880558198784,0,0,1
1047531850753691648,0,0,1
1264708099614662660,0,0,1
1005090022188601344,1,3,1
1013473029274382337,1,2,1
1264799688571658241,0,0,1
1014912746226311168,1,2,1
1265723265412194310,1,2,1
1063872262229688321,1,3,1
1264758159547052033,1,3,1
1067481291954769920,0,0,0
1467955226799869959,0,0,3
1264707893745479683,1,1,2
917630546800291841,1,3,1
1265202839665684480,1,2,1
1147880715645673472,0,0,1
903588753138225152,1,3,1
1264795533094187009,0,0,1
1264707815437791233,0,0,1
901984454771650561,0,0,1
978127419558084608,1,3,1
905599913043558400,1,3,1
915567701778747394,1,3,1
935347272111464448,1,3,2
1264712207591333888,1,2,1
1467946039940247556,1,3,3
960337464513753088,1,1,0
1269354304978268161,1,3,1
1264763826815164416,1,1,1
1264718189394628609,1,3,1
903414922893242369,0,0,1
1144069026198511617,1,1,1
972832729174720513,1,3,1
1265495868913958912,1,3,1
902279233409499137,1,2,1
1144072540790362114,0,0,1
974680820173721601,1,1,1
